command	key	nodeType	addr	childNum	repr	code	comment	esil
ANR	"Root_0"	"Root"	"0"					
A	"Flag_0"	"Flag"	"0"			"section."		
ANR	"Root_0"	"Root"	"0"					
A	"Flag_0"	"Flag"	"0"			"section..comment"		
ANR	"Root_0"	"Root"	"0"					
A	"Flag_0"	"Flag"	"0"			"section..debug_aranges"		
ANR	"Root_0"	"Root"	"0"					
A	"Flag_0"	"Flag"	"0"			"section..debug_pubnames"		
ANR	"Root_0"	"Root"	"0"					
A	"Flag_0"	"Flag"	"0"			"section..debug_info"		
ANR	"Root_0"	"Root"	"0"					
A	"Flag_0"	"Flag"	"0"			"section..debug_abbrev"		
ANR	"Root_0"	"Root"	"0"					
A	"Flag_0"	"Flag"	"0"			"section..debug_line"		
ANR	"Root_0"	"Root"	"0"					
A	"Flag_0"	"Flag"	"0"			"section..debug_frame"		
ANR	"Root_0"	"Root"	"0"					
A	"Flag_0"	"Flag"	"0"			"section..debug_str"		
ANR	"Root_0"	"Root"	"0"					
A	"Flag_0"	"Flag"	"0"			"section..debug_loc"		
ANR	"Root_0"	"Root"	"0"					
A	"Flag_0"	"Flag"	"0"			"section..shstrtab"		
ANR	"Root_0"	"Root"	"0"					
A	"Flag_0"	"Flag"	"0"			"section..symtab"		
ANR	"Root_0"	"Root"	"0"					
A	"Flag_0"	"Flag"	"0"			"section..strtab"		
ANR	"Root_0"	"Root"	"0"					
A	"Flag_0"	"Flag"	"0"			"segment.GNU_STACK"		
ANR	"Root_0"	"Root"	"0"					
A	"Flag_0"	"Flag"	"0"			"sym..comment"		
ANR	"Root_0"	"Root"	"0"					
A	"Flag_0"	"Flag"	"0"			"sym..debug_aranges"		
ANR	"Root_0"	"Root"	"0"					
A	"Flag_0"	"Flag"	"0"			"sym..debug_pubnames"		
ANR	"Root_0"	"Root"	"0"					
A	"Flag_0"	"Flag"	"0"			"sym..debug_info"		
ANR	"Root_0"	"Root"	"0"					
A	"Flag_0"	"Flag"	"0"			"sym..debug_abbrev"		
ANR	"Root_0"	"Root"	"0"					
A	"Flag_0"	"Flag"	"0"			"sym..debug_line"		
ANR	"Root_0"	"Root"	"0"					
A	"Flag_0"	"Flag"	"0"			"sym..debug_frame"		
ANR	"Root_0"	"Root"	"0"					
A	"Flag_0"	"Flag"	"0"			"sym..debug_str"		
ANR	"Root_0"	"Root"	"0"					
A	"Flag_0"	"Flag"	"0"			"sym..debug_loc"		
ANR	"Root_0"	"Root"	"0"					
A	"Flag_0"	"Flag"	"0"			"loc.imp._Jv_RegisterClasses"		
ANR	"Root_0"	"Root"	"0"					
A	"Flag_0"	"Flag"	"0"			"loc.imp._ITM_deregisterTMCloneTable"		
ANR	"Root_0"	"Root"	"0"					
A	"Flag_0"	"Flag"	"0"			"loc.imp._ITM_registerTMCloneTable"		
ANR	"Root_0"	"Root"	"0"					
A	"Flag_0"	"Flag"	"0"			"class.std::ios_base::Init"		
ANR	"Root_0"	"Root"	"0"					
A	"Flag_0"	"Flag"	"0"			"class.std::istream"		
ANR	"Root_0"	"Root"	"0"					
A	"Flag_0"	"Flag"	"0"			"oeax"		
ANR	"Root_0"	"Root"	"0"					
A	"Flag_0"	"Flag"	"0"			"eax"		
ANR	"Root_0"	"Root"	"0"					
A	"Flag_0"	"Flag"	"0"			"ebx"		
ANR	"Root_0"	"Root"	"0"					
A	"Flag_0"	"Flag"	"0"			"ecx"		
ANR	"Root_0"	"Root"	"0"					
A	"Flag_0"	"Flag"	"0"			"edx"		
ANR	"Root_0"	"Root"	"0"					
A	"Flag_0"	"Flag"	"0"			"esi"		
ANR	"Root_0"	"Root"	"0"					
A	"Flag_0"	"Flag"	"0"			"edi"		
ANR	"Root_0"	"Root"	"0"					
A	"Flag_0"	"Flag"	"0"			"eflags"		
ANR	"Root_1540096"	"Root"	"1540096"					
A	"Flag_1540096"	"Flag"	"1540096"			"esp"		
ANR	"Root_1540096"	"Root"	"1540096"					
A	"Flag_1540096"	"Flag"	"1540096"			"ebp"		
ANR	"Root_134512640"	"Root"	"134512640"					
A	"Flag_134512640"	"Flag"	"134512640"			"segment.LOAD0"		
ANR	"Root_134512640"	"Root"	"134512640"					
A	"Flag_134512640"	"Flag"	"134512640"			"segment.ehdr"		
ANR	"Root_134512692"	"Root"	"134512692"					
A	"Flag_134512692"	"Flag"	"134512692"			"segment.PHDR"		
ANR	"Root_134512948"	"Root"	"134512948"					
A	"Flag_134512948"	"Flag"	"134512948"			"section..interp"		
ANR	"Root_134512948"	"Root"	"134512948"					
A	"Flag_134512948"	"Flag"	"134512948"			"segment.INTERP"		
ANR	"Root_134512948"	"Root"	"134512948"					
A	"Flag_134512948"	"Flag"	"134512948"			"sym..interp"		
ANR	"Root_134512968"	"Root"	"134512968"					
A	"Flag_134512968"	"Flag"	"134512968"			"section..note.ABI_tag"		
ANR	"Root_134512968"	"Root"	"134512968"					
A	"Flag_134512968"	"Flag"	"134512968"			"segment.NOTE"		
ANR	"Root_134512968"	"Root"	"134512968"					
A	"Flag_134512968"	"Flag"	"134512968"			"sym..note.ABI_tag"		
ANR	"Root_134513000"	"Root"	"134513000"					
A	"Flag_134513000"	"Flag"	"134513000"			"section..hash"		
ANR	"Root_134513000"	"Root"	"134513000"					
A	"Flag_134513000"	"Flag"	"134513000"			"sym..hash"		
ANR	"Root_134513148"	"Root"	"134513148"					
A	"Flag_134513148"	"Flag"	"134513148"			"section..dynsym"		
ANR	"Root_134513148"	"Root"	"134513148"					
A	"Flag_134513148"	"Flag"	"134513148"			"sym..dynsym"		
ANR	"Root_134513436"	"Root"	"134513436"					
A	"Flag_134513436"	"Flag"	"134513436"			"section..dynstr"		
ANR	"Root_134513436"	"Root"	"134513436"					
A	"Flag_134513436"	"Flag"	"134513436"			"sym..dynstr"		
ANR	"Root_134513806"	"Root"	"134513806"					
A	"Flag_134513806"	"Flag"	"134513806"			"section..gnu.version"		
ANR	"Root_134513806"	"Root"	"134513806"					
A	"Flag_134513806"	"Flag"	"134513806"			"sym..gnu.version"		
ANR	"Root_134513844"	"Root"	"134513844"					
A	"Flag_134513844"	"Flag"	"134513844"			"section..gnu.version_r"		
ANR	"Root_134513844"	"Root"	"134513844"					
A	"Flag_134513844"	"Flag"	"134513844"			"sym..gnu.version_r"		
ANR	"Root_134513972"	"Root"	"134513972"					
A	"Flag_134513972"	"Flag"	"134513972"			"section..rel.dyn"		
ANR	"Root_134513972"	"Root"	"134513972"					
A	"Flag_134513972"	"Flag"	"134513972"			"sym..rel.dyn"		
ANR	"Root_134514004"	"Root"	"134514004"					
A	"Flag_134514004"	"Flag"	"134514004"			"section..rel.plt"		
ANR	"Root_134514004"	"Root"	"134514004"					
A	"Flag_134514004"	"Flag"	"134514004"			"sym..rel.plt"		
ANR	"Root_134514084"	"Root"	"134514084"					
A	"Flag_134514084"	"Flag"	"134514084"			"section..init"		
ANR	"Root_134514084"	"Root"	"134514084"					
A	"Flag_134514084"	"Flag"	"134514084"			"sym..init"		
ANR	"Root_134514084"	"Root"	"134514084"					
A	"Flag_134514084"	"Flag"	"134514084"			"sym._init"		
ANR	"Root_134514144"	"Root"	"134514144"					
A	"Flag_134514144"	"Flag"	"134514144"			"section..plt"		
ANR	"Root_134514144"	"Root"	"134514144"					
A	"Flag_134514144"	"Flag"	"134514144"			"sym..plt"		
ANR	"Root_134514160"	"Root"	"134514160"					
A	"Flag_134514160"	"Flag"	"134514160"			"sym.imp.__cxa_atexit"		
ANR	"Root_134514176"	"Root"	"134514176"					
A	"Flag_134514176"	"Flag"	"134514176"			"loc.imp.__gmon_start"		
ANR	"Root_134514192"	"Root"	"134514192"					
A	"Flag_134514192"	"Flag"	"134514192"			"sym.std::ios_base::Init::Init"		
ANR	"Root_134514208"	"Root"	"134514208"					
A	"Flag_134514208"	"Flag"	"134514208"			"sym.imp.__libc_start_main"		
ANR	"Root_134514224"	"Root"	"134514224"					
A	"Flag_134514224"	"Flag"	"134514224"			"sym.std::ios_base::Init::_Init"		
ANR	"Root_134514240"	"Root"	"134514240"					
A	"Flag_134514240"	"Flag"	"134514240"			"sym.imp.freopen"		
ANR	"Root_134514256"	"Root"	"134514256"					
A	"Flag_134514256"	"Flag"	"134514256"			"sym.imp.printf"		
ANR	"Root_134514272"	"Root"	"134514272"					
A	"Flag_134514272"	"Flag"	"134514272"			"sym.std::istream::operator___int"		
ANR	"Root_134514288"	"Root"	"134514288"					
A	"Flag_134514288"	"Flag"	"134514288"			"sym.imp.__gxx_personality_v0"		
ANR	"Root_134514304"	"Root"	"134514304"					
A	"Flag_134514304"	"Flag"	"134514304"			"sym.imp._Unwind_Resume"		
ANR	"Root_134514320"	"Root"	"134514320"					
A	"Flag_134514320"	"Flag"	"134514320"			"entry0"		
ANR	"Root_134514320"	"Root"	"134514320"					
A	"Flag_134514320"	"Flag"	"134514320"			"section..text"		
ANR	"Root_134514320"	"Root"	"134514320"					
A	"Flag_134514320"	"Flag"	"134514320"			"sym..text"		
ANR	"Root_134514320"	"Root"	"134514320"					
A	"Flag_134514320"	"Flag"	"134514320"			"sym._start"		
ANR	"Root_134514320"	"Root"	"134514320"					
A	"Flag_134514320"	"Flag"	"134514320"			"eip"		
ANR	"Root_134514368"	"Root"	"134514368"					
A	"Flag_134514368"	"Flag"	"134514368"			"sym.deregister_tm_clones"		
ANR	"Root_134514416"	"Root"	"134514416"					
A	"Flag_134514416"	"Flag"	"134514416"			"sym.register_tm_clones"		
ANR	"Root_134514480"	"Root"	"134514480"					
A	"Flag_134514480"	"Flag"	"134514480"			"sym.__do_global_dtors_aux"		
ANR	"Root_134514560"	"Root"	"134514560"					
A	"Flag_134514560"	"Flag"	"134514560"			"sym.frame_dummy"		
ANR	"Root_134514608"	"Root"	"134514608"					
A	"Flag_134514608"	"Flag"	"134514608"			"sym.Solved_int"		
ANR	"Root_134514766"	"Root"	"134514766"					
A	"Flag_134514766"	"Flag"	"134514766"			"main"		
ANR	"Root_134514766"	"Root"	"134514766"					
A	"Flag_134514766"	"Flag"	"134514766"			"sym.main"		
ANR	"Root_134514914"	"Root"	"134514914"					
A	"Flag_134514914"	"Flag"	"134514914"			"sym.__static_initialization_and_destruction_0_int_int"		
ANR	"Root_134514977"	"Root"	"134514977"					
A	"Flag_134514977"	"Flag"	"134514977"			"sym._GLOBAL__sub_I__Z6Solvedi"		
ANR	"Root_134515008"	"Root"	"134515008"					
A	"Flag_134515008"	"Flag"	"134515008"			"sym.__libc_csu_fini"		
ANR	"Root_134515024"	"Root"	"134515024"					
A	"Flag_134515024"	"Flag"	"134515024"			"sym.__libc_csu_init"		
ANR	"Root_134515114"	"Root"	"134515114"					
A	"Flag_134515114"	"Flag"	"134515114"			"sym.__i686.get_pc_thunk.bx"		
ANR	"Root_134515120"	"Root"	"134515120"					
A	"Flag_134515120"	"Flag"	"134515120"			"sym.__do_global_ctors_aux"		
ANR	"Root_134515160"	"Root"	"134515160"					
A	"Flag_134515160"	"Flag"	"134515160"			"section..fini"		
ANR	"Root_134515160"	"Root"	"134515160"					
A	"Flag_134515160"	"Flag"	"134515160"			"sym..fini"		
ANR	"Root_134515160"	"Root"	"134515160"					
A	"Flag_134515160"	"Flag"	"134515160"			"sym._fini"		
ANR	"Root_134515188"	"Root"	"134515188"					
A	"Flag_134515188"	"Flag"	"134515188"			"section..rodata"		
ANR	"Root_134515188"	"Root"	"134515188"					
A	"Flag_134515188"	"Flag"	"134515188"			"sym..rodata"		
ANR	"Root_134515188"	"Root"	"134515188"					
A	"Flag_134515188"	"Flag"	"134515188"			"obj._fp_hw"		
ANR	"Root_134515192"	"Root"	"134515192"					
A	"Flag_134515192"	"Flag"	"134515192"			"obj._IO_stdin_used"		
ANR	"Root_134515196"	"Root"	"134515196"					
A	"Flag_134515196"	"Flag"	"134515196"			"str.Case___d:__d"		
ANR	"Root_134515212"	"Root"	"134515212"					
A	"Flag_134515212"	"Flag"	"134515212"			"str.B_small_attempt0.in"		
ANR	"Root_134515234"	"Root"	"134515234"					
A	"Flag_134515234"	"Flag"	"134515234"			"str.B_small_attempt0.out"		
ANR	"Root_134515256"	"Root"	"134515256"					
A	"Flag_134515256"	"Flag"	"134515256"			"section..eh_frame_hdr"		
ANR	"Root_134515256"	"Root"	"134515256"					
A	"Flag_134515256"	"Flag"	"134515256"			"segment.GNU_EH_FRAME"		
ANR	"Root_134515256"	"Root"	"134515256"					
A	"Flag_134515256"	"Flag"	"134515256"			"sym..eh_frame_hdr"		
ANR	"Root_134515308"	"Root"	"134515308"					
A	"Flag_134515308"	"Flag"	"134515308"			"section..eh_frame"		
ANR	"Root_134515308"	"Root"	"134515308"					
A	"Flag_134515308"	"Flag"	"134515308"			"sym..eh_frame"		
ANR	"Root_134515536"	"Root"	"134515536"					
A	"Flag_134515536"	"Flag"	"134515536"			"obj.__FRAME_END"		
ANR	"Root_134515540"	"Root"	"134515540"					
A	"Flag_134515540"	"Flag"	"134515540"			"section..gcc_except_table"		
ANR	"Root_134515540"	"Root"	"134515540"					
A	"Flag_134515540"	"Flag"	"134515540"			"sym..gcc_except_table"		
ANR	"Root_134519664"	"Root"	"134519664"					
A	"Flag_134519664"	"Flag"	"134519664"			"section..ctors"		
ANR	"Root_134519664"	"Root"	"134519664"					
A	"Flag_134519664"	"Flag"	"134519664"			"segment.LOAD1"		
ANR	"Root_134519664"	"Root"	"134519664"					
A	"Flag_134519664"	"Flag"	"134519664"			"sym..ctors"		
ANR	"Root_134519664"	"Root"	"134519664"					
A	"Flag_134519664"	"Flag"	"134519664"			"obj.__CTOR_LIST"		
ANR	"Root_134519664"	"Root"	"134519664"					
A	"Flag_134519664"	"Flag"	"134519664"			"loc.__init_array_end"		
ANR	"Root_134519664"	"Root"	"134519664"					
A	"Flag_134519664"	"Flag"	"134519664"			"loc.__init_array_start"		
ANR	"Root_134519672"	"Root"	"134519672"					
A	"Flag_134519672"	"Flag"	"134519672"			"obj.__CTOR_END"		
ANR	"Root_134519676"	"Root"	"134519676"					
A	"Flag_134519676"	"Flag"	"134519676"			"section..dtors"		
ANR	"Root_134519676"	"Root"	"134519676"					
A	"Flag_134519676"	"Flag"	"134519676"			"sym..dtors"		
ANR	"Root_134519676"	"Root"	"134519676"					
A	"Flag_134519676"	"Flag"	"134519676"			"obj.__DTOR_LIST"		
ANR	"Root_134519680"	"Root"	"134519680"					
A	"Flag_134519680"	"Flag"	"134519680"			"obj.__DTOR_END"		
ANR	"Root_134519684"	"Root"	"134519684"					
A	"Flag_134519684"	"Flag"	"134519684"			"section..jcr"		
ANR	"Root_134519684"	"Root"	"134519684"					
A	"Flag_134519684"	"Flag"	"134519684"			"sym..jcr"		
ANR	"Root_134519684"	"Root"	"134519684"					
A	"Flag_134519684"	"Flag"	"134519684"			"obj.__JCR_LIST"		
ANR	"Root_134519684"	"Root"	"134519684"					
A	"Flag_134519684"	"Flag"	"134519684"			"obj.__JCR_END"		
ANR	"Root_134519688"	"Root"	"134519688"					
A	"Flag_134519688"	"Flag"	"134519688"			"section..dynamic"		
ANR	"Root_134519688"	"Root"	"134519688"					
A	"Flag_134519688"	"Flag"	"134519688"			"segment.DYNAMIC"		
ANR	"Root_134519688"	"Root"	"134519688"					
A	"Flag_134519688"	"Flag"	"134519688"			"sym..dynamic"		
ANR	"Root_134519688"	"Root"	"134519688"					
A	"Flag_134519688"	"Flag"	"134519688"			"obj._DYNAMIC"		
ANR	"Root_134519912"	"Root"	"134519912"					
A	"Flag_134519912"	"Flag"	"134519912"			"section..got"		
ANR	"Root_134519912"	"Root"	"134519912"					
A	"Flag_134519912"	"Flag"	"134519912"			"sym..got"		
ANR	"Root_134519916"	"Root"	"134519916"					
A	"Flag_134519916"	"Flag"	"134519916"			"section..got.plt"		
ANR	"Root_134519916"	"Root"	"134519916"					
A	"Flag_134519916"	"Flag"	"134519916"			"sym..got.plt"		
ANR	"Root_134519916"	"Root"	"134519916"					
A	"Flag_134519916"	"Flag"	"134519916"			"obj._GLOBAL_OFFSET_TABLE"		
ANR	"Root_134519928"	"Root"	"134519928"					
A	"Flag_134519928"	"Flag"	"134519928"			"reloc.__cxa_atexit"		
ANR	"Root_134519932"	"Root"	"134519932"					
A	"Flag_134519932"	"Flag"	"134519932"			"reloc.__gmon_start"		
ANR	"Root_134519936"	"Root"	"134519936"					
A	"Flag_134519936"	"Flag"	"134519936"			"reloc._ZNSt8ios_base4InitC1Ev"		
ANR	"Root_134519936"	"Root"	"134519936"					
A	"Flag_134519936"	"Flag"	"134519936"			"method.std::ios_base::Init.Init"		
ANR	"Root_134519940"	"Root"	"134519940"					
A	"Flag_134519940"	"Flag"	"134519940"			"reloc.__libc_start_main"		
ANR	"Root_134519944"	"Root"	"134519944"					
A	"Flag_134519944"	"Flag"	"134519944"			"reloc._ZNSt8ios_base4InitD1Ev"		
ANR	"Root_134519944"	"Root"	"134519944"					
A	"Flag_134519944"	"Flag"	"134519944"			"method.std::ios_base::Init._Init"		
ANR	"Root_134519948"	"Root"	"134519948"					
A	"Flag_134519948"	"Flag"	"134519948"			"reloc.freopen"		
ANR	"Root_134519952"	"Root"	"134519952"					
A	"Flag_134519952"	"Flag"	"134519952"			"reloc.printf"		
ANR	"Root_134519956"	"Root"	"134519956"					
A	"Flag_134519956"	"Flag"	"134519956"			"reloc._ZNSirsERi"		
ANR	"Root_134519956"	"Root"	"134519956"					
A	"Flag_134519956"	"Flag"	"134519956"			"method.std::istream.operator___int"		
ANR	"Root_134519960"	"Root"	"134519960"					
A	"Flag_134519960"	"Flag"	"134519960"			"reloc.__gxx_personality_v0"		
ANR	"Root_134519964"	"Root"	"134519964"					
A	"Flag_134519964"	"Flag"	"134519964"			"reloc._Unwind_Resume"		
ANR	"Root_134519968"	"Root"	"134519968"					
A	"Flag_134519968"	"Flag"	"134519968"			"section..data"		
ANR	"Root_134519968"	"Root"	"134519968"					
A	"Flag_134519968"	"Flag"	"134519968"			"sym..data"		
ANR	"Root_134519968"	"Root"	"134519968"					
A	"Flag_134519968"	"Flag"	"134519968"			"loc.data_start"		
ANR	"Root_134519968"	"Root"	"134519968"					
A	"Flag_134519968"	"Flag"	"134519968"			"loc.__data_start"		
ANR	"Root_134519972"	"Root"	"134519972"					
A	"Flag_134519972"	"Flag"	"134519972"			"obj.__dso_handle"		
ANR	"Root_134519976"	"Root"	"134519976"					
A	"Flag_134519976"	"Flag"	"134519976"			"obj.__TMC_END"		
ANR	"Root_134519976"	"Root"	"134519976"					
A	"Flag_134519976"	"Flag"	"134519976"			"loc.__bss_start"		
ANR	"Root_134519976"	"Root"	"134519976"					
A	"Flag_134519976"	"Flag"	"134519976"			"loc._edata"		
ANR	"Root_134520000"	"Root"	"134520000"					
A	"Flag_134520000"	"Flag"	"134520000"			"section..bss"		
ANR	"Root_134520000"	"Root"	"134520000"					
A	"Flag_134520000"	"Flag"	"134520000"			"reloc.std::cin_192"		
ANR	"Root_134520000"	"Root"	"134520000"					
A	"Flag_134520000"	"Flag"	"134520000"			"obj.std::cin"		
ANR	"Root_134520000"	"Root"	"134520000"					
A	"Flag_134520000"	"Flag"	"134520000"			"sym..bss"		
ANR	"Root_134520144"	"Root"	"134520144"					
A	"Flag_134520144"	"Flag"	"134520144"			"reloc.stdin_80"		
ANR	"Root_134520144"	"Root"	"134520144"					
A	"Flag_134520144"	"Flag"	"134520144"			"obj.stdin"		
ANR	"Root_134520144"	"Root"	"134520144"					
A	"Flag_134520144"	"Flag"	"134520144"			"obj.stdin__GLIBC_2.0"		
ANR	"Root_134520160"	"Root"	"134520160"					
A	"Flag_134520160"	"Flag"	"134520160"			"reloc.stdout_96"		
ANR	"Root_134520160"	"Root"	"134520160"					
A	"Flag_134520160"	"Flag"	"134520160"			"obj.stdout"		
ANR	"Root_134520160"	"Root"	"134520160"					
A	"Flag_134520160"	"Flag"	"134520160"			"obj.stdout__GLIBC_2.0"		
ANR	"Root_134520164"	"Root"	"134520164"					
A	"Flag_134520164"	"Flag"	"134520164"			"obj.completed.3328"		
ANR	"Root_134520168"	"Root"	"134520168"					
A	"Flag_134520168"	"Flag"	"134520168"			"obj.dtor_idx.3330"		
ANR	"Root_134520172"	"Root"	"134520172"					
A	"Flag_134520172"	"Flag"	"134520172"			"obj.std::__ioinit"		
ANR	"Root_134520176"	"Root"	"134520176"					
A	"Flag_134520176"	"Flag"	"134520176"			"loc._end"		
ANR	"Root_134514084"	"Root"	"134514084"					
ANR	"Func_134514084"	"Func"	"134514084"		"sym._init"			
ANR	"Root_134514160"	"Root"	"134514160"					
ANR	"Func_134514160"	"Func"	"134514160"		"sym.imp.__cxa_atexit"			
ANR	"Root_134514176"	"Root"	"134514176"					
ANR	"Func_134514176"	"Func"	"134514176"		"loc.imp.__gmon_start"			
ANR	"Root_134514192"	"Root"	"134514192"					
ANR	"Func_134514192"	"Func"	"134514192"		"sym.std::ios_base::Init::Init"			
ANR	"Root_134514208"	"Root"	"134514208"					
ANR	"Func_134514208"	"Func"	"134514208"		"sym.imp.__libc_start_main"			
ANR	"Root_134514224"	"Root"	"134514224"					
ANR	"Func_134514224"	"Func"	"134514224"		"sym.std::ios_base::Init::_Init"			
ANR	"Root_134514240"	"Root"	"134514240"					
ANR	"Func_134514240"	"Func"	"134514240"		"sym.imp.freopen"			
ANR	"Root_134514256"	"Root"	"134514256"					
ANR	"Func_134514256"	"Func"	"134514256"		"sym.imp.printf"			
ANR	"Root_134514272"	"Root"	"134514272"					
ANR	"Func_134514272"	"Func"	"134514272"		"sym.std::istream::operator___int"			
ANR	"Root_134514288"	"Root"	"134514288"					
ANR	"Func_134514288"	"Func"	"134514288"		"sym.imp.__gxx_personality_v0"			
ANR	"Root_134514304"	"Root"	"134514304"					
ANR	"Func_134514304"	"Func"	"134514304"		"sym.imp._Unwind_Resume"			
ANR	"Root_134514320"	"Root"	"134514320"					
ANR	"Func_134514320"	"Func"	"134514320"		"entry0"			
ANR	"Root_134514368"	"Root"	"134514368"					
ANR	"Func_134514368"	"Func"	"134514368"		"sym.deregister_tm_clones"			
ANR	"Root_134514416"	"Root"	"134514416"					
ANR	"Func_134514416"	"Func"	"134514416"		"sym.register_tm_clones"			
ANR	"Root_134514480"	"Root"	"134514480"					
ANR	"Func_134514480"	"Func"	"134514480"		"sym.__do_global_dtors_aux"			
ANR	"Root_134514560"	"Root"	"134514560"					
ANR	"Func_134514560"	"Func"	"134514560"		"sym.frame_dummy"			
ANR	"Root_134514608"	"Root"	"134514608"					
ANR	"Func_134514608"	"Func"	"134514608"		"sym.Solved_int"			
ANR	"Root_134514766"	"Root"	"134514766"					
ANR	"Func_134514766"	"Func"	"134514766"		"main"			
ANR	"Root_134514914"	"Root"	"134514914"					
ANR	"Func_134514914"	"Func"	"134514914"		"sym.__static_initialization_and_destruction_0_int_int"			
ANR	"Root_134514977"	"Root"	"134514977"					
ANR	"Func_134514977"	"Func"	"134514977"		"sym._GLOBAL__sub_I__Z6Solvedi"			
ANR	"Root_134515008"	"Root"	"134515008"					
ANR	"Func_134515008"	"Func"	"134515008"		"sym.__libc_csu_fini"			
ANR	"Root_134515024"	"Root"	"134515024"					
ANR	"Func_134515024"	"Func"	"134515024"		"sym.__libc_csu_init"			
ANR	"Root_134515114"	"Root"	"134515114"					
ANR	"Func_134515114"	"Func"	"134515114"		"sym.__i686.get_pc_thunk.bx"			
ANR	"Root_134515120"	"Root"	"134515120"					
ANR	"Func_134515120"	"Func"	"134515120"		"sym.__do_global_ctors_aux"			
ANR	"Root_134515160"	"Root"	"134515160"					
ANR	"Func_134515160"	"Func"	"134515160"		"sym._fini"			
ANR	"Root_134514084"	"Root"	"134514084"					
A	"BB_134514084"	"BB"	"134514084"		"push ebp|mov ebp, esp|push ebx|sub esp, 4|call 0x80485b0|pop ebx|add ebx, 0x16bc|mov edx, dword [ebx - 4]|test edx, edx|je 0x80485c6|"			
ANR	"Root_134514084"	"Root"	"134514084"					
A	"Instr_134514084"	"Instr"	"134514084"	"0"	"push ebp"	"55"	"; [10] -r-x section size 48 named .init"	"ebp,4,esp,-,=[4],4,esp,-="
ANR	"Root_134514085"	"Root"	"134514085"					
A	"Instr_134514085"	"Instr"	"134514085"	"1"	"mov ebp, esp"	"89e5"		"esp,ebp,="
ANR	"Root_134514087"	"Root"	"134514087"					
A	"Instr_134514087"	"Instr"	"134514087"	"2"	"push ebx"	"53"		"ebx,4,esp,-,=[4],4,esp,-="
ANR	"Root_134514088"	"Root"	"134514088"					
A	"Instr_134514088"	"Instr"	"134514088"	"3"	"sub esp, 4"	"83ec04"		"4,esp,-=,$o,of,=,$s,sf,=,$z,zf,=,$p,pf,=,$b32,cf,="
ANR	"Root_134514091"	"Root"	"134514091"					
A	"Instr_134514091"	"Instr"	"134514091"	"4"	"call 0x80485b0"	"e800000000"		"134514096,eip,4,esp,-=,esp,=[],eip,="
ANR	"Root_134514096"	"Root"	"134514096"					
A	"Instr_134514096"	"Instr"	"134514096"	"5"	"pop ebx"	"5b"		"esp,[4],ebx,=,4,esp,+="
ANR	"Root_134514097"	"Root"	"134514097"					
A	"Instr_134514097"	"Instr"	"134514097"	"6"	"add ebx, 0x16bc"	"81c3bc160000"		"5820,ebx,+=,$o,of,=,$s,sf,=,$z,zf,=,$c31,cf,=,$p,pf,="
ANR	"Root_134514103"	"Root"	"134514103"					
A	"Instr_134514103"	"Instr"	"134514103"	"7"	"mov edx, dword [ebx - 4]"	"8b93fcffffff"		"0x4,ebx,-,[4],edx,="
ANR	"Root_134514109"	"Root"	"134514109"					
A	"Instr_134514109"	"Instr"	"134514109"	"8"	"test edx, edx"	"85d2"		"0,edx,edx,&,==,$z,zf,=,$p,pf,=,$s,sf,=,$0,cf,=,$0,of,="
ANR	"Root_134514111"	"Root"	"134514111"					
A	"Instr_134514111"	"Instr"	"134514111"	"9"	"je 0x80485c6"	"7405"		"zf,?{,134514118,eip,=,}"
ANR	"Root_134514118"	"Root"	"134514118"					
A	"BB_134514118"	"BB"	"134514118"		"call 0x8048780|call 0x80489b0|pop eax|pop ebx|leave|ret|"			
ANR	"Root_134514118"	"Root"	"134514118"					
A	"Instr_134514118"	"Instr"	"134514118"	"0"	"call 0x8048780"	"e8b5010000"		"134514560,eip,4,esp,-=,esp,=[],eip,="
ANR	"Root_134514123"	"Root"	"134514123"					
A	"Instr_134514123"	"Instr"	"134514123"	"1"	"call 0x80489b0"	"e8e0030000"		"134515120,eip,4,esp,-=,esp,=[],eip,="
ANR	"Root_134514128"	"Root"	"134514128"					
A	"Instr_134514128"	"Instr"	"134514128"	"2"	"pop eax"	"58"		"esp,[4],eax,=,4,esp,+="
ANR	"Root_134514129"	"Root"	"134514129"					
A	"Instr_134514129"	"Instr"	"134514129"	"3"	"pop ebx"	"5b"		"esp,[4],ebx,=,4,esp,+="
ANR	"Root_134514130"	"Root"	"134514130"					
A	"Instr_134514130"	"Instr"	"134514130"	"4"	"leave"	"c9"		"ebp,esp,=,esp,[4],ebp,=,4,esp,+="
ANR	"Root_134514131"	"Root"	"134514131"					
A	"Instr_134514131"	"Instr"	"134514131"	"5"	"ret"	"c3"		"esp,[4],eip,=,4,esp,+="
ANR	"Root_134514113"	"Root"	"134514113"					
A	"BB_134514113"	"BB"	"134514113"		"call 0x8048600|"			
ANR	"Root_134514113"	"Root"	"134514113"					
A	"Instr_134514113"	"Instr"	"134514113"	"0"	"call 0x8048600"	"e83a000000"		"134514176,eip,4,esp,-=,esp,=[],eip,="
ANR	"Root_134514160"	"Root"	"134514160"					
A	"BB_134514160"	"BB"	"134514160"		"jmp dword [0x8049c78]|"			
ANR	"Root_134514160"	"Root"	"134514160"					
A	"Instr_134514160"	"Instr"	"134514160"	"0"	"jmp dword [0x8049c78]"	"ff25789c0408"	"; 0x8049c78"	"0x8049c78,[],eip,="
ANR	"Root_134514176"	"Root"	"134514176"					
A	"BB_134514176"	"BB"	"134514176"		"jmp dword [0x8049c7c]|"			
ANR	"Root_134514176"	"Root"	"134514176"					
A	"Instr_134514176"	"Instr"	"134514176"	"0"	"jmp dword [0x8049c7c]"	"ff257c9c0408"	"; 0x8049c7c"	"0x8049c7c,[],eip,="
ANR	"Root_134514192"	"Root"	"134514192"					
A	"BB_134514192"	"BB"	"134514192"		"jmp dword [0x8049c80]|"			
ANR	"Root_134514192"	"Root"	"134514192"					
A	"Instr_134514192"	"Instr"	"134514192"	"0"	"jmp dword [0x8049c80]"	"ff25809c0408"	"; method.std::ios_base::Init.Init ; 0x8049c80"	"0x8049c80,[],eip,="
ANR	"Root_134514208"	"Root"	"134514208"					
A	"BB_134514208"	"BB"	"134514208"		"jmp dword [0x8049c84]|"			
ANR	"Root_134514208"	"Root"	"134514208"					
A	"Instr_134514208"	"Instr"	"134514208"	"0"	"jmp dword [0x8049c84]"	"ff25849c0408"	"; 0x8049c84 ; \"&\x86\x04\b6\x86\x04\bF\x86\x04\bV\x86\x04\bf\x86\x04\bv\x86\x04\b\x86\x86\x04\b\""	"0x8049c84,[],eip,="
ANR	"Root_134514224"	"Root"	"134514224"					
A	"BB_134514224"	"BB"	"134514224"		"jmp dword [0x8049c88]|"			
ANR	"Root_134514224"	"Root"	"134514224"					
A	"Instr_134514224"	"Instr"	"134514224"	"0"	"jmp dword [0x8049c88]"	"ff25889c0408"	"; method.std::ios_base::Init._Init ; 0x8049c88 ; \"6\x86\x04\bF\x86\x04\bV\x86\x04\bf\x86\x04\bv\x86\x04\b\x86\x86\x04\b\""	"0x8049c88,[],eip,="
ANR	"Root_134514240"	"Root"	"134514240"					
A	"BB_134514240"	"BB"	"134514240"		"jmp dword [0x8049c8c]|"			
ANR	"Root_134514240"	"Root"	"134514240"					
A	"Instr_134514240"	"Instr"	"134514240"	"0"	"jmp dword [0x8049c8c]"	"ff258c9c0408"	"; 0x8049c8c ; \"F\x86\x04\bV\x86\x04\bf\x86\x04\bv\x86\x04\b\x86\x86\x04\b\""	"0x8049c8c,[],eip,="
ANR	"Root_134514256"	"Root"	"134514256"					
A	"BB_134514256"	"BB"	"134514256"		"jmp dword [0x8049c90]|"			
ANR	"Root_134514256"	"Root"	"134514256"					
A	"Instr_134514256"	"Instr"	"134514256"	"0"	"jmp dword [0x8049c90]"	"ff25909c0408"	"; 0x8049c90 ; \"V\x86\x04\bf\x86\x04\bv\x86\x04\b\x86\x86\x04\b\""	"0x8049c90,[],eip,="
ANR	"Root_134514272"	"Root"	"134514272"					
A	"BB_134514272"	"BB"	"134514272"		"jmp dword [0x8049c94]|"			
ANR	"Root_134514272"	"Root"	"134514272"					
A	"Instr_134514272"	"Instr"	"134514272"	"0"	"jmp dword [0x8049c94]"	"ff25949c0408"	"; method.std::istream.operator___int ; 0x8049c94 ; \"f\x86\x04\bv\x86\x04\b\x86\x86\x04\b\""	"0x8049c94,[],eip,="
ANR	"Root_134514288"	"Root"	"134514288"					
A	"BB_134514288"	"BB"	"134514288"		"jmp dword [0x8049c98]|"			
ANR	"Root_134514288"	"Root"	"134514288"					
A	"Instr_134514288"	"Instr"	"134514288"	"0"	"jmp dword [0x8049c98]"	"ff25989c0408"	"; 0x8049c98 ; \"v\x86\x04\b\x86\x86\x04\b\""	"0x8049c98,[],eip,="
ANR	"Root_134514304"	"Root"	"134514304"					
A	"BB_134514304"	"BB"	"134514304"		"jmp dword [0x8049c9c]|"			
ANR	"Root_134514304"	"Root"	"134514304"					
A	"Instr_134514304"	"Instr"	"134514304"	"0"	"jmp dword [0x8049c9c]"	"ff259c9c0408"	"; 0x8049c9c"	"0x8049c9c,[],eip,="
ANR	"Root_134514320"	"Root"	"134514320"					
A	"BB_134514320"	"BB"	"134514320"		"xor ebp, ebp|pop esi|mov ecx, esp|and esp, 0xfffffff0|push eax|push esp|push edx|push 0x8048940|push 0x8048950|push ecx|push esi|push 0x804884e|call 0x8048620|"			
ANR	"Root_134514320"	"Root"	"134514320"					
A	"Instr_134514320"	"Instr"	"134514320"	"0"	"xor ebp, ebp"	"31ed"	"; [12] -r-x section size 840 named .text"	"ebp,ebp,^=,$z,zf,=,$p,pf,=,$s,sf,=,$0,cf,=,$0,of,="
ANR	"Root_134514322"	"Root"	"134514322"					
A	"Instr_134514322"	"Instr"	"134514322"	"1"	"pop esi"	"5e"		"esp,[4],esi,=,4,esp,+="
ANR	"Root_134514323"	"Root"	"134514323"					
A	"Instr_134514323"	"Instr"	"134514323"	"2"	"mov ecx, esp"	"89e1"		"esp,ecx,="
ANR	"Root_134514325"	"Root"	"134514325"					
A	"Instr_134514325"	"Instr"	"134514325"	"3"	"and esp, 0xfffffff0"	"83e4f0"		"4294967280,esp,&=,$z,zf,=,$p,pf,=,$s,sf,=,$0,cf,=,$0,of,="
ANR	"Root_134514328"	"Root"	"134514328"					
A	"Instr_134514328"	"Instr"	"134514328"	"4"	"push eax"	"50"		"eax,4,esp,-,=[4],4,esp,-="
ANR	"Root_134514329"	"Root"	"134514329"					
A	"Instr_134514329"	"Instr"	"134514329"	"5"	"push esp"	"54"	"; void *stack_end"	"esp,4,esp,-,=[4],4,esp,-="
ANR	"Root_134514330"	"Root"	"134514330"					
A	"Instr_134514330"	"Instr"	"134514330"	"6"	"push edx"	"52"	"; func rtld_fini"	"edx,4,esp,-,=[4],4,esp,-="
ANR	"Root_134514331"	"Root"	"134514331"					
A	"Instr_134514331"	"Instr"	"134514331"	"7"	"push 0x8048940"	"6840890408"	"; 0x8048940 ; \"U\x89\xe5]\xc3ff.\x0f\x1f\x84\" ; func fini"	"134515008,4,esp,-,=[4],4,esp,-="
ANR	"Root_134514336"	"Root"	"134514336"					
A	"Instr_134514336"	"Instr"	"134514336"	"8"	"push 0x8048950"	"6850890408"	"; 0x8048950 ; \"U\x89\xe5WVS\xe8O\" ; func init"	"134515024,4,esp,-,=[4],4,esp,-="
ANR	"Root_134514341"	"Root"	"134514341"					
A	"Instr_134514341"	"Instr"	"134514341"	"9"	"push ecx"	"51"	"; char **ubp_av"	"ecx,4,esp,-,=[4],4,esp,-="
ANR	"Root_134514342"	"Root"	"134514342"					
A	"Instr_134514342"	"Instr"	"134514342"	"10"	"push esi"	"56"	"; int argc"	"esi,4,esp,-,=[4],4,esp,-="
ANR	"Root_134514343"	"Root"	"134514343"					
A	"Instr_134514343"	"Instr"	"134514343"	"11"	"push 0x804884e"	"684e880408"	"; sym.main ; 0x804884e ; \"U\x89\xe5\x83\xe4\xf0\x83\xec \xa1P\x9d\x04\b\x89D$\b\xc7D$\x04\n\x8a\x04\b\xc7\x04$\f\x8a\x04\b\xe8\xcc\xfd\xff\xff\xa1`\x9d\x04\b\x89D$\b\xc7D$\x04 \x8a\x04\b\xc7\x04$\\"\x8a\x04\b\xe8\xaf\xfd\xff\xff\xc7D$\x18\" ; func main"	"134514766,4,esp,-,=[4],4,esp,-="
ANR	"Root_134514348"	"Root"	"134514348"					
A	"Instr_134514348"	"Instr"	"134514348"	"12"	"call 0x8048620"	"e86fffffff"	"; int __libc_start_main(func main, int argc, char **ubp_av, func init, func fini, func rtld_fini, void *stack_end)"	"134514208,eip,4,esp,-=,esp,=[],eip,="
ANR	"Root_134514368"	"Root"	"134514368"					
A	"BB_134514368"	"BB"	"134514368"		"mov eax, 0x8049cab|sub eax, 0x8049ca8|cmp eax, 6|ja 0x80486d0|"			
ANR	"Root_134514368"	"Root"	"134514368"					
A	"Instr_134514368"	"Instr"	"134514368"	"0"	"mov eax, 0x8049cab"	"b8ab9c0408"		"134519979,eax,="
ANR	"Root_134514373"	"Root"	"134514373"					
A	"Instr_134514373"	"Instr"	"134514373"	"1"	"sub eax, 0x8049ca8"	"2da89c0408"	"; 0x8049ca8 ; loc._edata"	"134519976,eax,-=,$o,of,=,$s,sf,=,$z,zf,=,$p,pf,=,$b32,cf,="
ANR	"Root_134514378"	"Root"	"134514378"					
A	"Instr_134514378"	"Instr"	"134514378"	"2"	"cmp eax, 6"	"83f806"	"; 6"	"6,eax,==,$z,zf,=,$b32,cf,=,$p,pf,=,$s,sf,=,$o,of,="
ANR	"Root_134514381"	"Root"	"134514381"					
A	"Instr_134514381"	"Instr"	"134514381"	"3"	"ja 0x80486d0"	"7701"		"cf,zf,|,!,?{,134514384,eip,=,}"
ANR	"Root_134514384"	"Root"	"134514384"					
A	"BB_134514384"	"BB"	"134514384"		"mov eax, 0|test eax, eax|je 0x80486cf|"			
ANR	"Root_134514384"	"Root"	"134514384"					
A	"Instr_134514384"	"Instr"	"134514384"	"0"	"mov eax, 0"	"b800000000"		"0,eax,="
ANR	"Root_134514389"	"Root"	"134514389"					
A	"Instr_134514389"	"Instr"	"134514389"	"1"	"test eax, eax"	"85c0"		"0,eax,eax,&,==,$z,zf,=,$p,pf,=,$s,sf,=,$0,cf,=,$0,of,="
ANR	"Root_134514391"	"Root"	"134514391"					
A	"Instr_134514391"	"Instr"	"134514391"	"2"	"je 0x80486cf"	"74f6"		"zf,?{,134514383,eip,=,}"
ANR	"Root_134514383"	"Root"	"134514383"					
A	"BB_134514383"	"BB"	"134514383"		"ret|"			
ANR	"Root_134514383"	"Root"	"134514383"					
A	"Instr_134514383"	"Instr"	"134514383"	"0"	"ret"	"c3"		"esp,[4],eip,=,4,esp,+="
ANR	"Root_134514393"	"Root"	"134514393"					
A	"BB_134514393"	"BB"	"134514393"		"push ebp|mov ebp, esp|sub esp, 0x18|mov dword [esp], 0x8049ca8|call eax|leave|ret|"			
ANR	"Root_134514393"	"Root"	"134514393"					
A	"Instr_134514393"	"Instr"	"134514393"	"0"	"push ebp"	"55"		"ebp,4,esp,-,=[4],4,esp,-="
ANR	"Root_134514394"	"Root"	"134514394"					
A	"Instr_134514394"	"Instr"	"134514394"	"1"	"mov ebp, esp"	"89e5"		"esp,ebp,="
ANR	"Root_134514396"	"Root"	"134514396"					
A	"Instr_134514396"	"Instr"	"134514396"	"2"	"sub esp, 0x18"	"83ec18"		"24,esp,-=,$o,of,=,$s,sf,=,$z,zf,=,$p,pf,=,$b32,cf,="
ANR	"Root_134514399"	"Root"	"134514399"					
A	"Instr_134514399"	"Instr"	"134514399"	"3"	"mov dword [esp], 0x8049ca8"	"c70424a89c0408"	"; loc._edata ; [0x8049ca8:4]=0"	"134519976,esp,=[4]"
ANR	"Root_134514406"	"Root"	"134514406"					
A	"Instr_134514406"	"Instr"	"134514406"	"4"	"call eax"	"ffd0"		"eax,eip,4,esp,-=,esp,=[],eip,="
ANR	"Root_134514408"	"Root"	"134514408"					
A	"Instr_134514408"	"Instr"	"134514408"	"5"	"leave"	"c9"		"ebp,esp,=,esp,[4],ebp,=,4,esp,+="
ANR	"Root_134514409"	"Root"	"134514409"					
A	"Instr_134514409"	"Instr"	"134514409"	"6"	"ret"	"c3"		"esp,[4],eip,=,4,esp,+="
ANR	"Root_134514416"	"Root"	"134514416"					
A	"var_134514416"	"var"	"134514416"		"int32_t"	"esp+0x4"		
ANR	"Root_134514416"	"Root"	"134514416"					
A	"BB_134514416"	"BB"	"134514416"		"mov eax, 0x8049ca8|sub eax, 0x8049ca8|sar eax, 2|mov edx, eax|shr edx, 0x1f|add eax, edx|sar eax, 1|jne 0x8048709|"			
ANR	"Root_134514416"	"Root"	"134514416"					
A	"Instr_134514416"	"Instr"	"134514416"	"0"	"mov eax, 0x8049ca8"	"b8a89c0408"	"; loc._edata ; 0x8049ca8"	"134519976,eax,="
ANR	"Root_134514421"	"Root"	"134514421"					
A	"Instr_134514421"	"Instr"	"134514421"	"1"	"sub eax, 0x8049ca8"	"2da89c0408"	"; 0x8049ca8 ; loc._edata"	"134519976,eax,-=,$o,of,=,$s,sf,=,$z,zf,=,$p,pf,=,$b32,cf,="
ANR	"Root_134514426"	"Root"	"134514426"					
A	"Instr_134514426"	"Instr"	"134514426"	"2"	"sar eax, 2"	"c1f802"		"$0,cf,=,1,2,-,1,<<,eax,&,?{,$1,cf,=,},2,eax,>>>>,eax,=,$z,zf,=,$p,pf,=,$s,sf,="
ANR	"Root_134514429"	"Root"	"134514429"					
A	"Instr_134514429"	"Instr"	"134514429"	"3"	"mov edx, eax"	"89c2"		"eax,edx,="
ANR	"Root_134514431"	"Root"	"134514431"					
A	"Instr_134514431"	"Instr"	"134514431"	"4"	"shr edx, 0x1f"	"c1ea1f"		"$0,cf,=,1,31,-,1,<<,edx,&,?{,$1,cf,=,},31,edx,>>,edx,=,$z,zf,=,$p,pf,=,$s,sf,="
ANR	"Root_134514434"	"Root"	"134514434"					
A	"Instr_134514434"	"Instr"	"134514434"	"5"	"add eax, edx"	"01d0"		"edx,eax,+=,$o,of,=,$s,sf,=,$z,zf,=,$c31,cf,=,$p,pf,="
ANR	"Root_134514436"	"Root"	"134514436"					
A	"Instr_134514436"	"Instr"	"134514436"	"6"	"sar eax, 1"	"d1f8"		"$0,cf,=,1,1,-,1,<<,eax,&,?{,$1,cf,=,},1,eax,>>>>,eax,=,$z,zf,=,$p,pf,=,$s,sf,="
ANR	"Root_134514438"	"Root"	"134514438"					
A	"Instr_134514438"	"Instr"	"134514438"	"7"	"jne 0x8048709"	"7501"		"zf,!,?{,134514441,eip,=,}"
ANR	"Root_134514450"	"Root"	"134514450"					
A	"BB_134514450"	"BB"	"134514450"		"push ebp|mov ebp, esp|sub esp, 0x18|mov dword [esp + 4], eax|mov dword [esp], 0x8049ca8|call edx|leave|ret|"			
ANR	"Root_134514450"	"Root"	"134514450"					
A	"Instr_134514450"	"Instr"	"134514450"	"0"	"push ebp"	"55"		"ebp,4,esp,-,=[4],4,esp,-="
ANR	"Root_134514451"	"Root"	"134514451"					
A	"Instr_134514451"	"Instr"	"134514451"	"1"	"mov ebp, esp"	"89e5"		"esp,ebp,="
ANR	"Root_134514453"	"Root"	"134514453"					
A	"Instr_134514453"	"Instr"	"134514453"	"2"	"sub esp, 0x18"	"83ec18"		"24,esp,-=,$o,of,=,$s,sf,=,$z,zf,=,$p,pf,=,$b32,cf,="
ANR	"Root_134514456"	"Root"	"134514456"					
A	"Instr_134514456"	"Instr"	"134514456"	"3"	"mov dword [esp + 4], eax"	"89442404"		"eax,0x4,esp,+,=[4]"
ANR	"Root_134514460"	"Root"	"134514460"					
A	"Instr_134514460"	"Instr"	"134514460"	"4"	"mov dword [esp], 0x8049ca8"	"c70424a89c0408"	"; loc._edata ; [0x8049ca8:4]=0"	"134519976,esp,=[4]"
ANR	"Root_134514467"	"Root"	"134514467"					
A	"Instr_134514467"	"Instr"	"134514467"	"5"	"call edx"	"ffd2"		"edx,eip,4,esp,-=,esp,=[],eip,="
ANR	"Root_134514469"	"Root"	"134514469"					
A	"Instr_134514469"	"Instr"	"134514469"	"6"	"leave"	"c9"		"ebp,esp,=,esp,[4],ebp,=,4,esp,+="
ANR	"Root_134514470"	"Root"	"134514470"					
A	"Instr_134514470"	"Instr"	"134514470"	"7"	"ret"	"c3"		"esp,[4],eip,=,4,esp,+="
ANR	"Root_134514440"	"Root"	"134514440"					
A	"BB_134514440"	"BB"	"134514440"		"ret|"			
ANR	"Root_134514440"	"Root"	"134514440"					
A	"Instr_134514440"	"Instr"	"134514440"	"0"	"ret"	"c3"		"esp,[4],eip,=,4,esp,+="
ANR	"Root_134514441"	"Root"	"134514441"					
A	"BB_134514441"	"BB"	"134514441"		"mov edx, 0|test edx, edx|je 0x8048708|"			
ANR	"Root_134514441"	"Root"	"134514441"					
A	"Instr_134514441"	"Instr"	"134514441"	"0"	"mov edx, 0"	"ba00000000"		"0,edx,="
ANR	"Root_134514446"	"Root"	"134514446"					
A	"Instr_134514446"	"Instr"	"134514446"	"1"	"test edx, edx"	"85d2"		"0,edx,edx,&,==,$z,zf,=,$p,pf,=,$s,sf,=,$0,cf,=,$0,of,="
ANR	"Root_134514448"	"Root"	"134514448"					
A	"Instr_134514448"	"Instr"	"134514448"	"2"	"je 0x8048708"	"74f6"		"zf,?{,134514440,eip,=,}"
ANR	"Root_134514518"	"Root"	"134514518"					
A	"BB_134514518"	"BB"	"134514518"		"nop|"			
ANR	"Root_134514518"	"Root"	"134514518"					
A	"Instr_134514518"	"Instr"	"134514518"	"0"	"nop"	"6690"		","
ANR	"Root_134514480"	"Root"	"134514480"					
A	"BB_134514480"	"BB"	"134514480"		"cmp byte [0x8049d64], 0|jne 0x804877d|"			
ANR	"Root_134514480"	"Root"	"134514480"					
A	"Instr_134514480"	"Instr"	"134514480"	"0"	"cmp byte [0x8049d64], 0"	"803d649d040800"	"; [0x8049d64:1]=0"	"0,0x8049d64,[1],==,$z,zf,=,$b8,cf,=,$p,pf,=,$s,sf,=,$o,of,="
ANR	"Root_134514487"	"Root"	"134514487"					
A	"Instr_134514487"	"Instr"	"134514487"	"1"	"jne 0x804877d"	"7544"		"zf,!,?{,134514557,eip,=,}"
ANR	"Root_134514557"	"Root"	"134514557"					
A	"BB_134514557"	"BB"	"134514557"		"ret|"			
ANR	"Root_134514557"	"Root"	"134514557"					
A	"Instr_134514557"	"Instr"	"134514557"	"0"	"ret"	"c3"		"esp,[4],eip,=,4,esp,+="
ANR	"Root_134514542"	"Root"	"134514542"					
A	"BB_134514542"	"BB"	"134514542"		"call 0x80486c0|mov byte [0x8049d64], 1|pop eax|pop ebx|pop ebp|"			
ANR	"Root_134514542"	"Root"	"134514542"					
A	"Instr_134514542"	"Instr"	"134514542"	"0"	"call 0x80486c0"	"e84dffffff"		"134514368,eip,4,esp,-=,esp,=[],eip,="
ANR	"Root_134514547"	"Root"	"134514547"					
A	"Instr_134514547"	"Instr"	"134514547"	"1"	"mov byte [0x8049d64], 1"	"c605649d040801"	"; [0x8049d64:1]=0"	"1,0x8049d64,=[1]"
ANR	"Root_134514554"	"Root"	"134514554"					
A	"Instr_134514554"	"Instr"	"134514554"	"2"	"pop eax"	"58"		"esp,[4],eax,=,4,esp,+="
ANR	"Root_134514555"	"Root"	"134514555"					
A	"Instr_134514555"	"Instr"	"134514555"	"3"	"pop ebx"	"5b"		"esp,[4],ebx,=,4,esp,+="
ANR	"Root_134514556"	"Root"	"134514556"					
A	"Instr_134514556"	"Instr"	"134514556"	"4"	"pop ebp"	"5d"		"esp,[4],ebp,=,4,esp,+="
ANR	"Root_134514520"	"Root"	"134514520"					
A	"BB_134514520"	"BB"	"134514520"		"inc eax|mov dword [0x8049d68], eax|call dword [eax*4 + 0x8049b7c]|mov eax, dword [0x8049d68]|cmp eax, ebx|jb 0x8048758|"			
ANR	"Root_134514520"	"Root"	"134514520"					
A	"Instr_134514520"	"Instr"	"134514520"	"0"	"inc eax"	"40"		"eax,++=,$o,of,=,$s,sf,=,$z,zf,=,$p,pf,="
ANR	"Root_134514521"	"Root"	"134514521"					
A	"Instr_134514521"	"Instr"	"134514521"	"1"	"mov dword [0x8049d68], eax"	"a3689d0408"	"; [0x8049d68:4]=0"	"eax,0x8049d68,=[4]"
ANR	"Root_134514526"	"Root"	"134514526"					
A	"Instr_134514526"	"Instr"	"134514526"	"2"	"call dword [eax*4 + 0x8049b7c]"	"ff14857c9b0408"	"; 0x8049b7c"	"0x8049b7c,eax,4,*,+,[4],eip,4,esp,-=,esp,=[],eip,="
ANR	"Root_134514533"	"Root"	"134514533"					
A	"Instr_134514533"	"Instr"	"134514533"	"3"	"mov eax, dword [0x8049d68]"	"a1689d0408"	"; [0x8049d68:4]=0"	"0x8049d68,[4],eax,="
ANR	"Root_134514538"	"Root"	"134514538"					
A	"Instr_134514538"	"Instr"	"134514538"	"4"	"cmp eax, ebx"	"39d8"		"ebx,eax,==,$z,zf,=,$b32,cf,=,$p,pf,=,$s,sf,=,$o,of,="
ANR	"Root_134514540"	"Root"	"134514540"					
A	"Instr_134514540"	"Instr"	"134514540"	"5"	"jb 0x8048758"	"72ea"		"cf,?{,134514520,eip,=,}"
ANR	"Root_134514489"	"Root"	"134514489"					
A	"BB_134514489"	"BB"	"134514489"		"push ebp|mov ebp, esp|push ebx|mov ebx, 0x8049b80|push edx|sub ebx, 0x8049b7c|mov eax, dword [0x8049d68]|sar ebx, 2|dec ebx|cmp eax, ebx|jae 0x804876e|"			
ANR	"Root_134514489"	"Root"	"134514489"					
A	"Instr_134514489"	"Instr"	"134514489"	"0"	"push ebp"	"55"		"ebp,4,esp,-,=[4],4,esp,-="
ANR	"Root_134514490"	"Root"	"134514490"					
A	"Instr_134514490"	"Instr"	"134514490"	"1"	"mov ebp, esp"	"89e5"		"esp,ebp,="
ANR	"Root_134514492"	"Root"	"134514492"					
A	"Instr_134514492"	"Instr"	"134514492"	"2"	"push ebx"	"53"		"ebx,4,esp,-,=[4],4,esp,-="
ANR	"Root_134514493"	"Root"	"134514493"					
A	"Instr_134514493"	"Instr"	"134514493"	"3"	"mov ebx, 0x8049b80"	"bb809b0408"	"; 0x8049b80"	"134519680,ebx,="
ANR	"Root_134514498"	"Root"	"134514498"					
A	"Instr_134514498"	"Instr"	"134514498"	"4"	"push edx"	"52"		"edx,4,esp,-,=[4],4,esp,-="
ANR	"Root_134514499"	"Root"	"134514499"					
A	"Instr_134514499"	"Instr"	"134514499"	"5"	"sub ebx, 0x8049b7c"	"81eb7c9b0408"	"; 0x8049b7c"	"134519676,ebx,-=,$o,of,=,$s,sf,=,$z,zf,=,$p,pf,=,$b32,cf,="
ANR	"Root_134514505"	"Root"	"134514505"					
A	"Instr_134514505"	"Instr"	"134514505"	"6"	"mov eax, dword [0x8049d68]"	"a1689d0408"	"; [0x8049d68:4]=0"	"0x8049d68,[4],eax,="
ANR	"Root_134514510"	"Root"	"134514510"					
A	"Instr_134514510"	"Instr"	"134514510"	"7"	"sar ebx, 2"	"c1fb02"		"$0,cf,=,1,2,-,1,<<,ebx,&,?{,$1,cf,=,},2,ebx,>>>>,ebx,=,$z,zf,=,$p,pf,=,$s,sf,="
ANR	"Root_134514513"	"Root"	"134514513"					
A	"Instr_134514513"	"Instr"	"134514513"	"8"	"dec ebx"	"4b"		"ebx,--=,$o,of,=,$s,sf,=,$z,zf,=,$p,pf,="
ANR	"Root_134514514"	"Root"	"134514514"					
A	"Instr_134514514"	"Instr"	"134514514"	"9"	"cmp eax, ebx"	"39d8"		"ebx,eax,==,$z,zf,=,$b32,cf,=,$p,pf,=,$s,sf,=,$o,of,="
ANR	"Root_134514516"	"Root"	"134514516"					
A	"Instr_134514516"	"Instr"	"134514516"	"10"	"jae 0x804876e"	"7318"		"cf,!,?{,134514542,eip,=,}"
ANR	"Root_134514560"	"Root"	"134514560"					
A	"BB_134514560"	"BB"	"134514560"		"mov ecx, dword [0x8049b84]|test ecx, ecx|je 0x80487a8|"			
ANR	"Root_134514560"	"Root"	"134514560"					
A	"Instr_134514560"	"Instr"	"134514560"	"0"	"mov ecx, dword [0x8049b84]"	"8b0d849b0408"	"; obj.__JCR_END ; [0x8049b84:4]=0"	"0x8049b84,[4],ecx,="
ANR	"Root_134514566"	"Root"	"134514566"					
A	"Instr_134514566"	"Instr"	"134514566"	"1"	"test ecx, ecx"	"85c9"		"0,ecx,ecx,&,==,$z,zf,=,$p,pf,=,$s,sf,=,$0,cf,=,$0,of,="
ANR	"Root_134514568"	"Root"	"134514568"					
A	"Instr_134514568"	"Instr"	"134514568"	"2"	"je 0x80487a8"	"741e"		"zf,?{,134514600,eip,=,}"
ANR	"Root_134514579"	"Root"	"134514579"					
A	"BB_134514579"	"BB"	"134514579"		"push ebp|mov ebp, esp|sub esp, 0x18|mov dword [esp], 0x8049b84|call eax|leave|jmp 0x80486f0|"			
ANR	"Root_134514579"	"Root"	"134514579"					
A	"Instr_134514579"	"Instr"	"134514579"	"0"	"push ebp"	"55"		"ebp,4,esp,-,=[4],4,esp,-="
ANR	"Root_134514580"	"Root"	"134514580"					
A	"Instr_134514580"	"Instr"	"134514580"	"1"	"mov ebp, esp"	"89e5"		"esp,ebp,="
ANR	"Root_134514582"	"Root"	"134514582"					
A	"Instr_134514582"	"Instr"	"134514582"	"2"	"sub esp, 0x18"	"83ec18"		"24,esp,-=,$o,of,=,$s,sf,=,$z,zf,=,$p,pf,=,$b32,cf,="
ANR	"Root_134514585"	"Root"	"134514585"					
A	"Instr_134514585"	"Instr"	"134514585"	"3"	"mov dword [esp], 0x8049b84"	"c70424849b0408"	"; obj.__JCR_END ; [0x8049b84:4]=0"	"134519684,esp,=[4]"
ANR	"Root_134514592"	"Root"	"134514592"					
A	"Instr_134514592"	"Instr"	"134514592"	"4"	"call eax"	"ffd0"		"eax,eip,4,esp,-=,esp,=[],eip,="
ANR	"Root_134514594"	"Root"	"134514594"					
A	"Instr_134514594"	"Instr"	"134514594"	"5"	"leave"	"c9"		"ebp,esp,=,esp,[4],ebp,=,4,esp,+="
ANR	"Root_134514595"	"Root"	"134514595"					
A	"Instr_134514595"	"Instr"	"134514595"	"6"	"jmp 0x80486f0"	"e948ffffff"		"0x80486f0,eip,="
ANR	"Root_134514600"	"Root"	"134514600"					
A	"BB_134514600"	"BB"	"134514600"		"jmp 0x80486f0|"			
ANR	"Root_134514600"	"Root"	"134514600"					
A	"Instr_134514600"	"Instr"	"134514600"	"0"	"jmp 0x80486f0"	"e943ffffff"		"0x80486f0,eip,="
ANR	"Root_134514570"	"Root"	"134514570"					
A	"BB_134514570"	"BB"	"134514570"		"mov eax, 0|test eax, eax|je 0x80487a8|"			
ANR	"Root_134514570"	"Root"	"134514570"					
A	"Instr_134514570"	"Instr"	"134514570"	"0"	"mov eax, 0"	"b800000000"		"0,eax,="
ANR	"Root_134514575"	"Root"	"134514575"					
A	"Instr_134514575"	"Instr"	"134514575"	"1"	"test eax, eax"	"85c0"		"0,eax,eax,&,==,$z,zf,=,$p,pf,=,$s,sf,=,$0,cf,=,$0,of,="
ANR	"Root_134514577"	"Root"	"134514577"					
A	"Instr_134514577"	"Instr"	"134514577"	"2"	"je 0x80487a8"	"7415"		"zf,?{,134514600,eip,=,}"
ANR	"Root_134514608"	"Root"	"134514608"					
A	"var_134514608"	"var"	"134514608"		"int32_t"	"ebp-0x20"		
ANR	"Root_134514608"	"Root"	"134514608"					
A	"var_134514608"	"var"	"134514608"		"int32_t"	"ebp-0x1c"		
ANR	"Root_134514608"	"Root"	"134514608"					
A	"var_134514608"	"var"	"134514608"		"int32_t"	"ebp-0x18"		
ANR	"Root_134514608"	"Root"	"134514608"					
A	"var_134514608"	"var"	"134514608"		"int32_t"	"ebp-0xc"		
ANR	"Root_134514608"	"Root"	"134514608"					
A	"arg_134514608"	"arg"	"134514608"		"int32_t"	"ebp+0x8"		
ANR	"Root_134514608"	"Root"	"134514608"					
A	"var_134514608"	"var"	"134514608"		"int32_t"	"esp+0x4"		
ANR	"Root_134514608"	"Root"	"134514608"					
A	"var_134514608"	"var"	"134514608"		"int32_t"	"esp+0x8"		
ANR	"Root_134514709"	"Root"	"134514709"					
A	"BB_134514709"	"BB"	"134514709"		"mov eax, dword [ebp - 0x1c]|cmp dword [ebp - 0x14], eax|jl 0x8048800|"			
ANR	"Root_134514709"	"Root"	"134514709"					
A	"Instr_134514709"	"Instr"	"134514709"	"0"	"mov eax, dword [ebp - 0x1c]"	"8b45e4"		"0x1c,ebp,-,[4],eax,="
ANR	"Root_134514712"	"Root"	"134514712"					
A	"Instr_134514712"	"Instr"	"134514712"	"1"	"cmp dword [ebp - 0x14], eax"	"3945ec"		"eax,0x14,ebp,-,[4],==,$z,zf,=,$b32,cf,=,$p,pf,=,$s,sf,=,$o,of,="
ANR	"Root_134514715"	"Root"	"134514715"					
A	"Instr_134514715"	"Instr"	"134514715"	"2"	"jl 0x8048800"	"7ce3"		"of,sf,^,?{,134514688,eip,=,}"
ANR	"Root_134514679"	"Root"	"134514679"					
A	"BB_134514679"	"BB"	"134514679"		"mov dword [ebp - 0x14], 0|jmp 0x8048815|"			
ANR	"Root_134514679"	"Root"	"134514679"					
A	"Instr_134514679"	"Instr"	"134514679"	"0"	"mov dword [ebp - 0x14], 0"	"c745ec00000000"		"0,0x14,ebp,-,=[4]"
ANR	"Root_134514686"	"Root"	"134514686"					
A	"Instr_134514686"	"Instr"	"134514686"	"1"	"jmp 0x8048815"	"eb15"		"0x8048815,eip,="
ANR	"Root_134514608"	"Root"	"134514608"					
A	"BB_134514608"	"BB"	"134514608"		"push ebp|mov ebp, esp|sub esp, 0x38|lea eax, [ebp - 0x18]|mov dword [esp + 4], eax|mov dword [esp], 0x8049cc0|call 0x8048660|lea edx, [ebp - 0x1c]|mov dword [esp + 4], edx|mov dword [esp], eax|call 0x8048660|lea edx, [ebp - 0x20]|mov dword [esp + 4], edx|mov dword [esp], eax|call 0x8048660|mov dword [ebp - 0xc], 0|mov dword [ebp - 0x10], 0|jmp 0x8048820|"			
ANR	"Root_134514608"	"Root"	"134514608"					
A	"Instr_134514608"	"Instr"	"134514608"	"0"	"push ebp"	"55"		"ebp,4,esp,-,=[4],4,esp,-="
ANR	"Root_134514609"	"Root"	"134514609"					
A	"Instr_134514609"	"Instr"	"134514609"	"1"	"mov ebp, esp"	"89e5"		"esp,ebp,="
ANR	"Root_134514611"	"Root"	"134514611"					
A	"Instr_134514611"	"Instr"	"134514611"	"2"	"sub esp, 0x38"	"83ec38"	"; '8'"	"56,esp,-=,$o,of,=,$s,sf,=,$z,zf,=,$p,pf,=,$b32,cf,="
ANR	"Root_134514614"	"Root"	"134514614"					
A	"Instr_134514614"	"Instr"	"134514614"	"3"	"lea eax, [ebp - 0x18]"	"8d45e8"		"0x18,ebp,-,eax,="
ANR	"Root_134514617"	"Root"	"134514617"					
A	"Instr_134514617"	"Instr"	"134514617"	"4"	"mov dword [esp + 4], eax"	"89442404"		"eax,0x4,esp,+,=[4]"
ANR	"Root_134514621"	"Root"	"134514621"					
A	"Instr_134514621"	"Instr"	"134514621"	"5"	"mov dword [esp], 0x8049cc0"	"c70424c09c0408"	"; sym..bss ; [0x8049cc0:4]=0"	"134520000,esp,=[4]"
ANR	"Root_134514628"	"Root"	"134514628"					
A	"Instr_134514628"	"Instr"	"134514628"	"6"	"call 0x8048660"	"e897feffff"		"134514272,eip,4,esp,-=,esp,=[],eip,="
ANR	"Root_134514633"	"Root"	"134514633"					
A	"Instr_134514633"	"Instr"	"134514633"	"7"	"lea edx, [ebp - 0x1c]"	"8d55e4"		"0x1c,ebp,-,edx,="
ANR	"Root_134514636"	"Root"	"134514636"					
A	"Instr_134514636"	"Instr"	"134514636"	"8"	"mov dword [esp + 4], edx"	"89542404"		"edx,0x4,esp,+,=[4]"
ANR	"Root_134514640"	"Root"	"134514640"					
A	"Instr_134514640"	"Instr"	"134514640"	"9"	"mov dword [esp], eax"	"890424"		"eax,esp,=[4]"
ANR	"Root_134514643"	"Root"	"134514643"					
A	"Instr_134514643"	"Instr"	"134514643"	"10"	"call 0x8048660"	"e888feffff"		"134514272,eip,4,esp,-=,esp,=[],eip,="
ANR	"Root_134514648"	"Root"	"134514648"					
A	"Instr_134514648"	"Instr"	"134514648"	"11"	"lea edx, [ebp - 0x20]"	"8d55e0"		"0x20,ebp,-,edx,="
ANR	"Root_134514651"	"Root"	"134514651"					
A	"Instr_134514651"	"Instr"	"134514651"	"12"	"mov dword [esp + 4], edx"	"89542404"		"edx,0x4,esp,+,=[4]"
ANR	"Root_134514655"	"Root"	"134514655"					
A	"Instr_134514655"	"Instr"	"134514655"	"13"	"mov dword [esp], eax"	"890424"		"eax,esp,=[4]"
ANR	"Root_134514658"	"Root"	"134514658"					
A	"Instr_134514658"	"Instr"	"134514658"	"14"	"call 0x8048660"	"e879feffff"		"134514272,eip,4,esp,-=,esp,=[],eip,="
ANR	"Root_134514663"	"Root"	"134514663"					
A	"Instr_134514663"	"Instr"	"134514663"	"15"	"mov dword [ebp - 0xc], 0"	"c745f400000000"		"0,0xc,ebp,-,=[4]"
ANR	"Root_134514670"	"Root"	"134514670"					
A	"Instr_134514670"	"Instr"	"134514670"	"16"	"mov dword [ebp - 0x10], 0"	"c745f000000000"		"0,0x10,ebp,-,=[4]"
ANR	"Root_134514677"	"Root"	"134514677"					
A	"Instr_134514677"	"Instr"	"134514677"	"17"	"jmp 0x8048820"	"eb29"		"0x8048820,eip,="
ANR	"Root_134514688"	"Root"	"134514688"					
A	"BB_134514688"	"BB"	"134514688"		"mov eax, dword [ebp - 0x14]|mov edx, dword [ebp - 0x10]|and edx, eax|mov eax, dword [ebp - 0x20]|cmp edx, eax|jge 0x8048812|"			
ANR	"Root_134514688"	"Root"	"134514688"					
A	"Instr_134514688"	"Instr"	"134514688"	"0"	"mov eax, dword [ebp - 0x14]"	"8b45ec"		"0x14,ebp,-,[4],eax,="
ANR	"Root_134514691"	"Root"	"134514691"					
A	"Instr_134514691"	"Instr"	"134514691"	"1"	"mov edx, dword [ebp - 0x10]"	"8b55f0"		"0x10,ebp,-,[4],edx,="
ANR	"Root_134514694"	"Root"	"134514694"					
A	"Instr_134514694"	"Instr"	"134514694"	"2"	"and edx, eax"	"21c2"		"eax,edx,&=,$z,zf,=,$p,pf,=,$s,sf,=,$0,cf,=,$0,of,="
ANR	"Root_134514696"	"Root"	"134514696"					
A	"Instr_134514696"	"Instr"	"134514696"	"3"	"mov eax, dword [ebp - 0x20]"	"8b45e0"		"0x20,ebp,-,[4],eax,="
ANR	"Root_134514699"	"Root"	"134514699"					
A	"Instr_134514699"	"Instr"	"134514699"	"4"	"cmp edx, eax"	"39c2"		"eax,edx,==,$z,zf,=,$b32,cf,=,$p,pf,=,$s,sf,=,$o,of,="
ANR	"Root_134514701"	"Root"	"134514701"					
A	"Instr_134514701"	"Instr"	"134514701"	"5"	"jge 0x8048812"	"7d03"		"of,!,sf,^,?{,134514706,eip,=,}"
ANR	"Root_134514720"	"Root"	"134514720"					
A	"BB_134514720"	"BB"	"134514720"		"mov eax, dword [ebp - 0x18]|cmp dword [ebp - 0x10], eax|jl 0x80487f7|"			
ANR	"Root_134514720"	"Root"	"134514720"					
A	"Instr_134514720"	"Instr"	"134514720"	"0"	"mov eax, dword [ebp - 0x18]"	"8b45e8"		"0x18,ebp,-,[4],eax,="
ANR	"Root_134514723"	"Root"	"134514723"					
A	"Instr_134514723"	"Instr"	"134514723"	"1"	"cmp dword [ebp - 0x10], eax"	"3945f0"		"eax,0x10,ebp,-,[4],==,$z,zf,=,$b32,cf,=,$p,pf,=,$s,sf,=,$o,of,="
ANR	"Root_134514726"	"Root"	"134514726"					
A	"Instr_134514726"	"Instr"	"134514726"	"2"	"jl 0x80487f7"	"7ccf"		"of,sf,^,?{,134514679,eip,=,}"
ANR	"Root_134514706"	"Root"	"134514706"					
A	"BB_134514706"	"BB"	"134514706"		"inc dword [ebp - 0x14]|"			
ANR	"Root_134514706"	"Root"	"134514706"					
A	"Instr_134514706"	"Instr"	"134514706"	"0"	"inc dword [ebp - 0x14]"	"ff45ec"		"0x14,ebp,-,++=[4],$o,of,=,$s,sf,=,$z,zf,=,$p,pf,="
ANR	"Root_134514764"	"Root"	"134514764"					
A	"BB_134514764"	"BB"	"134514764"		"leave|ret|"			
ANR	"Root_134514764"	"Root"	"134514764"					
A	"Instr_134514764"	"Instr"	"134514764"	"0"	"leave"	"c9"		"ebp,esp,=,esp,[4],ebp,=,4,esp,+="
ANR	"Root_134514765"	"Root"	"134514765"					
A	"Instr_134514765"	"Instr"	"134514765"	"1"	"ret"	"c3"		"esp,[4],eip,=,4,esp,+="
ANR	"Root_134514717"	"Root"	"134514717"					
A	"BB_134514717"	"BB"	"134514717"		"inc dword [ebp - 0x10]|"			
ANR	"Root_134514717"	"Root"	"134514717"					
A	"Instr_134514717"	"Instr"	"134514717"	"0"	"inc dword [ebp - 0x10]"	"ff45f0"		"0x10,ebp,-,++=[4],$o,of,=,$s,sf,=,$z,zf,=,$p,pf,="
ANR	"Root_134514703"	"Root"	"134514703"					
A	"BB_134514703"	"BB"	"134514703"		"inc dword [ebp - 0xc]|"			
ANR	"Root_134514703"	"Root"	"134514703"					
A	"Instr_134514703"	"Instr"	"134514703"	"0"	"inc dword [ebp - 0xc]"	"ff45f4"		"0xc,ebp,-,++=[4],$o,of,=,$s,sf,=,$z,zf,=,$p,pf,="
ANR	"Root_134514728"	"Root"	"134514728"					
A	"BB_134514728"	"BB"	"134514728"		"mov eax, dword [ebp - 0xc]|mov dword [esp + 8], eax|mov eax, dword [ebp + 8]|mov dword [esp + 4], eax|mov dword [esp], 0x80489fc|call 0x8048650|jmp 0x804884c|"			
ANR	"Root_134514728"	"Root"	"134514728"					
A	"Instr_134514728"	"Instr"	"134514728"	"0"	"mov eax, dword [ebp - 0xc]"	"8b45f4"		"0xc,ebp,-,[4],eax,="
ANR	"Root_134514731"	"Root"	"134514731"					
A	"Instr_134514731"	"Instr"	"134514731"	"1"	"mov dword [esp + 8], eax"	"89442408"		"eax,0x8,esp,+,=[4]"
ANR	"Root_134514735"	"Root"	"134514735"					
A	"Instr_134514735"	"Instr"	"134514735"	"2"	"mov eax, dword [ebp + 8]"	"8b4508"	"; [0x8:4]=-1 ; 8"	"0x8,ebp,+,[4],eax,="
ANR	"Root_134514738"	"Root"	"134514738"					
A	"Instr_134514738"	"Instr"	"134514738"	"3"	"mov dword [esp + 4], eax"	"89442404"		"eax,0x4,esp,+,=[4]"
ANR	"Root_134514742"	"Root"	"134514742"					
A	"Instr_134514742"	"Instr"	"134514742"	"4"	"mov dword [esp], 0x80489fc"	"c70424fc890408"	"; [0x80489fc:4]=0x65736143 ; \"Case #%d: %d\n\" ; const char *format"	"134515196,esp,=[4]"
ANR	"Root_134514749"	"Root"	"134514749"					
A	"Instr_134514749"	"Instr"	"134514749"	"5"	"call 0x8048650"	"e80efeffff"	"; int printf(const char *format)"	"134514256,eip,4,esp,-=,esp,=[],eip,="
ANR	"Root_134514754"	"Root"	"134514754"					
A	"Instr_134514754"	"Instr"	"134514754"	"6"	"jmp 0x804884c"	"eb08"		"0x804884c,eip,="
ANR	"Root_134514766"	"Root"	"134514766"					
A	"var_134514766"	"var"	"134514766"		"int32_t"	"esp+0x18"		
ANR	"Root_134514871"	"Root"	"134514871"					
A	"BB_134514871"	"BB"	"134514871"		"mov eax, dword [esp + 0x1c]|mov dword [esp], eax|call 0x80487b0|inc dword [esp + 0x1c]|"			
ANR	"Root_134514871"	"Root"	"134514871"					
A	"Instr_134514871"	"Instr"	"134514871"	"0"	"mov eax, dword [esp + 0x1c]"	"8b44241c"	"; [0x1c:4]=-1 ; 28"	"0x1c,esp,+,[4],eax,="
ANR	"Root_134514875"	"Root"	"134514875"					
A	"Instr_134514875"	"Instr"	"134514875"	"1"	"mov dword [esp], eax"	"890424"		"eax,esp,=[4]"
ANR	"Root_134514878"	"Root"	"134514878"					
A	"Instr_134514878"	"Instr"	"134514878"	"2"	"call 0x80487b0"	"e8edfeffff"		"134514608,eip,4,esp,-=,esp,=[],eip,="
ANR	"Root_134514883"	"Root"	"134514883"					
A	"Instr_134514883"	"Instr"	"134514883"	"3"	"inc dword [esp + 0x1c]"	"ff44241c"		"0x1c,esp,+,++=[4],$o,of,=,$s,sf,=,$z,zf,=,$p,pf,="
ANR	"Root_134514887"	"Root"	"134514887"					
A	"BB_134514887"	"BB"	"134514887"		"mov eax, dword [esp + 0x18]|cmp dword [esp + 0x1c], eax|jle 0x80488b7|"			
ANR	"Root_134514887"	"Root"	"134514887"					
A	"Instr_134514887"	"Instr"	"134514887"	"0"	"mov eax, dword [esp + 0x18]"	"8b442418"	"; [0x18:4]=-1 ; 24"	"0x18,esp,+,[4],eax,="
ANR	"Root_134514891"	"Root"	"134514891"					
A	"Instr_134514891"	"Instr"	"134514891"	"1"	"cmp dword [esp + 0x1c], eax"	"3944241c"	"; [0x1c:4]=-1 ; 28"	"eax,0x1c,esp,+,[4],==,$z,zf,=,$b32,cf,=,$p,pf,=,$s,sf,=,$o,of,="
ANR	"Root_134514895"	"Root"	"134514895"					
A	"Instr_134514895"	"Instr"	"134514895"	"2"	"jle 0x80488b7"	"7ee6"		"of,sf,^,zf,|,?{,134514871,eip,=,}"
ANR	"Root_134514912"	"Root"	"134514912"					
A	"BB_134514912"	"BB"	"134514912"		"leave|ret|"			
ANR	"Root_134514912"	"Root"	"134514912"					
A	"Instr_134514912"	"Instr"	"134514912"	"0"	"leave"	"c9"		"ebp,esp,=,esp,[4],ebp,=,4,esp,+="
ANR	"Root_134514913"	"Root"	"134514913"					
A	"Instr_134514913"	"Instr"	"134514913"	"1"	"ret"	"c3"		"esp,[4],eip,=,4,esp,+="
ANR	"Root_134514897"	"Root"	"134514897"					
A	"BB_134514897"	"BB"	"134514897"		"mov eax, 0|jmp 0x80488e0|"			
ANR	"Root_134514897"	"Root"	"134514897"					
A	"Instr_134514897"	"Instr"	"134514897"	"0"	"mov eax, 0"	"b800000000"		"0,eax,="
ANR	"Root_134514902"	"Root"	"134514902"					
A	"Instr_134514902"	"Instr"	"134514902"	"1"	"jmp 0x80488e0"	"eb08"		"0x80488e0,eip,="
ANR	"Root_134514766"	"Root"	"134514766"					
A	"BB_134514766"	"BB"	"134514766"		"push ebp|mov ebp, esp|and esp, 0xfffffff0|sub esp, 0x20|mov eax, dword [0x8049d50]|mov dword [esp + 8], eax|mov dword [esp + 4], 0x8048a0a|mov dword [esp], 0x8048a0c|call 0x8048640|mov eax, dword [0x8049d60]|mov dword [esp + 8], eax|mov dword [esp + 4], 0x8048a20|mov dword [esp], 0x8048a22|call 0x8048640|mov dword [esp + 0x18], 0|lea eax, [esp + 0x18]|mov dword [esp + 4], eax|mov dword [esp], 0x8049cc0|call 0x8048660|mov dword [esp + 0x1c], 1|jmp 0x80488c7|"			
ANR	"Root_134514766"	"Root"	"134514766"					
A	"Instr_134514766"	"Instr"	"134514766"	"0"	"push ebp"	"55"		"ebp,4,esp,-,=[4],4,esp,-="
ANR	"Root_134514767"	"Root"	"134514767"					
A	"Instr_134514767"	"Instr"	"134514767"	"1"	"mov ebp, esp"	"89e5"		"esp,ebp,="
ANR	"Root_134514769"	"Root"	"134514769"					
A	"Instr_134514769"	"Instr"	"134514769"	"2"	"and esp, 0xfffffff0"	"83e4f0"		"4294967280,esp,&=,$z,zf,=,$p,pf,=,$s,sf,=,$0,cf,=,$0,of,="
ANR	"Root_134514772"	"Root"	"134514772"					
A	"Instr_134514772"	"Instr"	"134514772"	"3"	"sub esp, 0x20"	"83ec20"		"32,esp,-=,$o,of,=,$s,sf,=,$z,zf,=,$p,pf,=,$b32,cf,="
ANR	"Root_134514775"	"Root"	"134514775"					
A	"Instr_134514775"	"Instr"	"134514775"	"4"	"mov eax, dword [0x8049d50]"	"a1509d0408"	"; obj.stdin__GLIBC_2.0 ; [0x8049d50:4]=0"	"0x8049d50,[4],eax,="
ANR	"Root_134514780"	"Root"	"134514780"					
A	"Instr_134514780"	"Instr"	"134514780"	"5"	"mov dword [esp + 8], eax"	"89442408"	"; FILE *stream"	"eax,0x8,esp,+,=[4]"
ANR	"Root_134514784"	"Root"	"134514784"					
A	"Instr_134514784"	"Instr"	"134514784"	"6"	"mov dword [esp + 4], 0x8048a0a"	"c74424040a8a0408"	"; [0x8048a0a:4]=0x2d420072 ; const char *mode"	"134515210,0x4,esp,+,=[4]"
ANR	"Root_134514792"	"Root"	"134514792"					
A	"Instr_134514792"	"Instr"	"134514792"	"7"	"mov dword [esp], 0x8048a0c"	"c704240c8a0408"	"; [0x8048a0c:4]=0x6d732d42 ; \"B-small-attempt0.in\" ; const char *filename"	"134515212,esp,=[4]"
ANR	"Root_134514799"	"Root"	"134514799"					
A	"Instr_134514799"	"Instr"	"134514799"	"8"	"call 0x8048640"	"e8ccfdffff"	"; file*freopen(const char *filename, const char *mode, FILE *stream)"	"134514240,eip,4,esp,-=,esp,=[],eip,="
ANR	"Root_134514804"	"Root"	"134514804"					
A	"Instr_134514804"	"Instr"	"134514804"	"9"	"mov eax, dword [0x8049d60]"	"a1609d0408"	"; obj.stdout__GLIBC_2.0 ; [0x8049d60:4]=0"	"0x8049d60,[4],eax,="
ANR	"Root_134514809"	"Root"	"134514809"					
A	"Instr_134514809"	"Instr"	"134514809"	"10"	"mov dword [esp + 8], eax"	"89442408"	"; FILE *stream"	"eax,0x8,esp,+,=[4]"
ANR	"Root_134514813"	"Root"	"134514813"					
A	"Instr_134514813"	"Instr"	"134514813"	"11"	"mov dword [esp + 4], 0x8048a20"	"c7442404208a0408"	"; [0x8048a20:4]=0x2d420077 ; const char *mode"	"134515232,0x4,esp,+,=[4]"
ANR	"Root_134514821"	"Root"	"134514821"					
A	"Instr_134514821"	"Instr"	"134514821"	"12"	"mov dword [esp], 0x8048a22"	"c70424228a0408"	"; [0x8048a22:4]=0x6d732d42 ; \"B-small-attempt0.out\" ; const char *filename"	"134515234,esp,=[4]"
ANR	"Root_134514828"	"Root"	"134514828"					
A	"Instr_134514828"	"Instr"	"134514828"	"13"	"call 0x8048640"	"e8affdffff"	"; file*freopen(const char *filename, const char *mode, FILE *stream)"	"134514240,eip,4,esp,-=,esp,=[],eip,="
ANR	"Root_134514833"	"Root"	"134514833"					
A	"Instr_134514833"	"Instr"	"134514833"	"14"	"mov dword [esp + 0x18], 0"	"c744241800000000"		"0,0x18,esp,+,=[4]"
ANR	"Root_134514841"	"Root"	"134514841"					
A	"Instr_134514841"	"Instr"	"134514841"	"15"	"lea eax, [esp + 0x18]"	"8d442418"	"; 0x18 ; 24"	"0x18,esp,+,eax,="
ANR	"Root_134514845"	"Root"	"134514845"					
A	"Instr_134514845"	"Instr"	"134514845"	"16"	"mov dword [esp + 4], eax"	"89442404"		"eax,0x4,esp,+,=[4]"
ANR	"Root_134514849"	"Root"	"134514849"					
A	"Instr_134514849"	"Instr"	"134514849"	"17"	"mov dword [esp], 0x8049cc0"	"c70424c09c0408"	"; sym..bss ; [0x8049cc0:4]=0"	"134520000,esp,=[4]"
ANR	"Root_134514856"	"Root"	"134514856"					
A	"Instr_134514856"	"Instr"	"134514856"	"18"	"call 0x8048660"	"e8b3fdffff"		"134514272,eip,4,esp,-=,esp,=[],eip,="
ANR	"Root_134514861"	"Root"	"134514861"					
A	"Instr_134514861"	"Instr"	"134514861"	"19"	"mov dword [esp + 0x1c], 1"	"c744241c01000000"		"1,0x1c,esp,+,=[4]"
ANR	"Root_134514869"	"Root"	"134514869"					
A	"Instr_134514869"	"Instr"	"134514869"	"20"	"jmp 0x80488c7"	"eb10"		"0x80488c7,eip,="
ANR	"Root_134514914"	"Root"	"134514914"					
A	"arg_134514914"	"arg"	"134514914"		"uint32_t"	"ebp+0x8"		
ANR	"Root_134514914"	"Root"	"134514914"					
A	"arg_134514914"	"arg"	"134514914"		"uint32_t"	"ebp+0xc"		
ANR	"Root_134514914"	"Root"	"134514914"					
A	"var_134514914"	"var"	"134514914"		"int32_t"	"esp+0x4"		
ANR	"Root_134514914"	"Root"	"134514914"					
A	"var_134514914"	"var"	"134514914"		"int32_t"	"esp+0x8"		
ANR	"Root_134514935"	"Root"	"134514935"					
A	"BB_134514935"	"BB"	"134514935"		"mov dword [esp], 0x8049d6c|call 0x8048610|mov dword [esp + 8], 0x8049ca4|mov dword [esp + 4], 0x8049d6c|mov dword [esp], 0x8048630|call 0x80485f0|"			
ANR	"Root_134514935"	"Root"	"134514935"					
A	"Instr_134514935"	"Instr"	"134514935"	"0"	"mov dword [esp], 0x8049d6c"	"c704246c9d0408"	"; [0x8049d6c:4]=0"	"134520172,esp,=[4]"
ANR	"Root_134514942"	"Root"	"134514942"					
A	"Instr_134514942"	"Instr"	"134514942"	"1"	"call 0x8048610"	"e80dfdffff"		"134514192,eip,4,esp,-=,esp,=[],eip,="
ANR	"Root_134514947"	"Root"	"134514947"					
A	"Instr_134514947"	"Instr"	"134514947"	"2"	"mov dword [esp + 8], 0x8049ca4"	"c7442408a49c0408"	"; [0x8049ca4:4]=0"	"134519972,0x8,esp,+,=[4]"
ANR	"Root_134514955"	"Root"	"134514955"					
A	"Instr_134514955"	"Instr"	"134514955"	"3"	"mov dword [esp + 4], 0x8049d6c"	"c74424046c9d0408"	"; [0x8049d6c:4]=0"	"134520172,0x4,esp,+,=[4]"
ANR	"Root_134514963"	"Root"	"134514963"					
A	"Instr_134514963"	"Instr"	"134514963"	"4"	"mov dword [esp], 0x8048630"	"c7042430860408"	"; [0x8048630:4]=0x9c8825ff"	"134514224,esp,=[4]"
ANR	"Root_134514970"	"Root"	"134514970"					
A	"Instr_134514970"	"Instr"	"134514970"	"5"	"call 0x80485f0"	"e8d1fcffff"		"134514160,eip,4,esp,-=,esp,=[],eip,="
ANR	"Root_134514914"	"Root"	"134514914"					
A	"BB_134514914"	"BB"	"134514914"		"push ebp|mov ebp, esp|sub esp, 0x18|cmp dword [ebp + 8], 1|jne 0x804891f|"			
ANR	"Root_134514914"	"Root"	"134514914"					
A	"Instr_134514914"	"Instr"	"134514914"	"0"	"push ebp"	"55"		"ebp,4,esp,-,=[4],4,esp,-="
ANR	"Root_134514915"	"Root"	"134514915"					
A	"Instr_134514915"	"Instr"	"134514915"	"1"	"mov ebp, esp"	"89e5"		"esp,ebp,="
ANR	"Root_134514917"	"Root"	"134514917"					
A	"Instr_134514917"	"Instr"	"134514917"	"2"	"sub esp, 0x18"	"83ec18"		"24,esp,-=,$o,of,=,$s,sf,=,$z,zf,=,$p,pf,=,$b32,cf,="
ANR	"Root_134514920"	"Root"	"134514920"					
A	"Instr_134514920"	"Instr"	"134514920"	"3"	"cmp dword [ebp + 8], 1"	"837d0801"	"; [0x8:4]=-1 ; 1"	"1,0x8,ebp,+,[4],==,$z,zf,=,$b32,cf,=,$p,pf,=,$s,sf,=,$o,of,="
ANR	"Root_134514924"	"Root"	"134514924"					
A	"Instr_134514924"	"Instr"	"134514924"	"4"	"jne 0x804891f"	"7531"		"zf,!,?{,134514975,eip,=,}"
ANR	"Root_134514926"	"Root"	"134514926"					
A	"BB_134514926"	"BB"	"134514926"		"cmp dword [ebp + 0xc], 0xffff|jne 0x804891f|"			
ANR	"Root_134514926"	"Root"	"134514926"					
A	"Instr_134514926"	"Instr"	"134514926"	"0"	"cmp dword [ebp + 0xc], 0xffff"	"817d0cffff0000"	"; [0xc:4]=-1 ; 65535"	"65535,0xc,ebp,+,[4],==,$z,zf,=,$b32,cf,=,$p,pf,=,$s,sf,=,$o,of,="
ANR	"Root_134514933"	"Root"	"134514933"					
A	"Instr_134514933"	"Instr"	"134514933"	"1"	"jne 0x804891f"	"7528"		"zf,!,?{,134514975,eip,=,}"
ANR	"Root_134514975"	"Root"	"134514975"					
A	"BB_134514975"	"BB"	"134514975"		"leave|ret|"			
ANR	"Root_134514975"	"Root"	"134514975"					
A	"Instr_134514975"	"Instr"	"134514975"	"0"	"leave"	"c9"		"ebp,esp,=,esp,[4],ebp,=,4,esp,+="
ANR	"Root_134514976"	"Root"	"134514976"					
A	"Instr_134514976"	"Instr"	"134514976"	"1"	"ret"	"c3"		"esp,[4],eip,=,4,esp,+="
ANR	"Root_134514977"	"Root"	"134514977"					
A	"var_134514977"	"var"	"134514977"		"int32_t"	"esp+0x4"		
ANR	"Root_134514977"	"Root"	"134514977"					
A	"BB_134514977"	"BB"	"134514977"		"push ebp|mov ebp, esp|sub esp, 0x18|mov dword [esp + 4], 0xffff|mov dword [esp], 1|call 0x80488e2|leave|ret|"			
ANR	"Root_134514977"	"Root"	"134514977"					
A	"Instr_134514977"	"Instr"	"134514977"	"0"	"push ebp"	"55"		"ebp,4,esp,-,=[4],4,esp,-="
ANR	"Root_134514978"	"Root"	"134514978"					
A	"Instr_134514978"	"Instr"	"134514978"	"1"	"mov ebp, esp"	"89e5"		"esp,ebp,="
ANR	"Root_134514980"	"Root"	"134514980"					
A	"Instr_134514980"	"Instr"	"134514980"	"2"	"sub esp, 0x18"	"83ec18"		"24,esp,-=,$o,of,=,$s,sf,=,$z,zf,=,$p,pf,=,$b32,cf,="
ANR	"Root_134514983"	"Root"	"134514983"					
A	"Instr_134514983"	"Instr"	"134514983"	"3"	"mov dword [esp + 4], 0xffff"	"c7442404ffff0000"	"; [0xffff:4]=-1"	"65535,0x4,esp,+,=[4]"
ANR	"Root_134514991"	"Root"	"134514991"					
A	"Instr_134514991"	"Instr"	"134514991"	"4"	"mov dword [esp], 1"	"c7042401000000"		"1,esp,=[4]"
ANR	"Root_134514998"	"Root"	"134514998"					
A	"Instr_134514998"	"Instr"	"134514998"	"5"	"call 0x80488e2"	"e8a7ffffff"		"134514914,eip,4,esp,-=,esp,=[],eip,="
ANR	"Root_134515003"	"Root"	"134515003"					
A	"Instr_134515003"	"Instr"	"134515003"	"6"	"leave"	"c9"		"ebp,esp,=,esp,[4],ebp,=,4,esp,+="
ANR	"Root_134515004"	"Root"	"134515004"					
A	"Instr_134515004"	"Instr"	"134515004"	"7"	"ret"	"c3"		"esp,[4],eip,=,4,esp,+="
ANR	"Root_134515008"	"Root"	"134515008"					
A	"BB_134515008"	"BB"	"134515008"		"push ebp|mov ebp, esp|pop ebp|ret|"			
ANR	"Root_134515008"	"Root"	"134515008"					
A	"Instr_134515008"	"Instr"	"134515008"	"0"	"push ebp"	"55"	"; .//elf-init.c:132"	"ebp,4,esp,-,=[4],4,esp,-="
ANR	"Root_134515009"	"Root"	"134515009"					
A	"Instr_134515009"	"Instr"	"134515009"	"1"	"mov ebp, esp"	"89e5"		"esp,ebp,="
ANR	"Root_134515011"	"Root"	"134515011"					
A	"Instr_134515011"	"Instr"	"134515011"	"2"	"pop ebp"	"5d"	"; .//elf-init.c:140"	"esp,[4],ebp,=,4,esp,+="
ANR	"Root_134515012"	"Root"	"134515012"					
A	"Instr_134515012"	"Instr"	"134515012"	"3"	"ret"	"c3"		"esp,[4],eip,=,4,esp,+="
ANR	"Root_134515024"	"Root"	"134515024"					
A	"arg_134515024"	"arg"	"134515024"		"int32_t"	"ebp+0x8"		
ANR	"Root_134515024"	"Root"	"134515024"					
A	"arg_134515024"	"arg"	"134515024"		"int32_t"	"ebp+0xc"		
ANR	"Root_134515024"	"Root"	"134515024"					
A	"arg_134515024"	"arg"	"134515024"		"int32_t"	"ebp+0x10"		
ANR	"Root_134515024"	"Root"	"134515024"					
A	"var_134515024"	"var"	"134515024"		"int32_t"	"esp+0x4"		
ANR	"Root_134515024"	"Root"	"134515024"					
A	"var_134515024"	"var"	"134515024"		"int32_t"	"esp+0x8"		
ANR	"Root_134515024"	"Root"	"134515024"					
A	"BB_134515024"	"BB"	"134515024"		"push ebp|mov ebp, esp|push edi|push esi|push ebx|call 0x80489aa|add ebx, 0x1311|sub esp, 0x1c|call 0x80485a4|lea edi, [ebx - 0xfc]|lea eax, [ebx - 0xfc]|sub edi, eax|sar edi, 2|test edi, edi|je 0x80489a2|"			
ANR	"Root_134515024"	"Root"	"134515024"					
A	"Instr_134515024"	"Instr"	"134515024"	"0"	"push ebp"	"55"	"; .//elf-init.c:106"	"ebp,4,esp,-,=[4],4,esp,-="
ANR	"Root_134515025"	"Root"	"134515025"					
A	"Instr_134515025"	"Instr"	"134515025"	"1"	"mov ebp, esp"	"89e5"		"esp,ebp,="
ANR	"Root_134515027"	"Root"	"134515027"					
A	"Instr_134515027"	"Instr"	"134515027"	"2"	"push edi"	"57"		"edi,4,esp,-,=[4],4,esp,-="
ANR	"Root_134515028"	"Root"	"134515028"					
A	"Instr_134515028"	"Instr"	"134515028"	"3"	"push esi"	"56"		"esi,4,esp,-,=[4],4,esp,-="
ANR	"Root_134515029"	"Root"	"134515029"					
A	"Instr_134515029"	"Instr"	"134515029"	"4"	"push ebx"	"53"		"ebx,4,esp,-,=[4],4,esp,-="
ANR	"Root_134515030"	"Root"	"134515030"					
A	"Instr_134515030"	"Instr"	"134515030"	"5"	"call 0x80489aa"	"e84f000000"		"0x804895b,ebx,="
ANR	"Root_134515035"	"Root"	"134515035"					
A	"Instr_134515035"	"Instr"	"134515035"	"6"	"add ebx, 0x1311"	"81c311130000"		"4881,ebx,+=,$o,of,=,$s,sf,=,$z,zf,=,$c31,cf,=,$p,pf,="
ANR	"Root_134515041"	"Root"	"134515041"					
A	"Instr_134515041"	"Instr"	"134515041"	"7"	"sub esp, 0x1c"	"83ec1c"		"28,esp,-=,$o,of,=,$s,sf,=,$z,zf,=,$p,pf,=,$b32,cf,="
ANR	"Root_134515044"	"Root"	"134515044"					
A	"Instr_134515044"	"Instr"	"134515044"	"8"	"call 0x80485a4"	"e83bfcffff"	"; .//elf-init.c:120"	"134514084,eip,4,esp,-=,esp,=[],eip,="
ANR	"Root_134515049"	"Root"	"134515049"					
A	"Instr_134515049"	"Instr"	"134515049"	"9"	"lea edi, [ebx - 0xfc]"	"8dbb04ffffff"	"; .//elf-init.c:123"	"0xfc,ebx,-,edi,="
ANR	"Root_134515055"	"Root"	"134515055"					
A	"Instr_134515055"	"Instr"	"134515055"	"10"	"lea eax, [ebx - 0xfc]"	"8d8304ffffff"		"0xfc,ebx,-,eax,="
ANR	"Root_134515061"	"Root"	"134515061"					
A	"Instr_134515061"	"Instr"	"134515061"	"11"	"sub edi, eax"	"29c7"		"eax,edi,-=,$o,of,=,$s,sf,=,$z,zf,=,$p,pf,=,$b32,cf,="
ANR	"Root_134515063"	"Root"	"134515063"					
A	"Instr_134515063"	"Instr"	"134515063"	"12"	"sar edi, 2"	"c1ff02"		"$0,cf,=,1,2,-,1,<<,edi,&,?{,$1,cf,=,},2,edi,>>>>,edi,=,$z,zf,=,$p,pf,=,$s,sf,="
ANR	"Root_134515066"	"Root"	"134515066"					
A	"Instr_134515066"	"Instr"	"134515066"	"13"	"test edi, edi"	"85ff"		"0,edi,edi,&,==,$z,zf,=,$p,pf,=,$s,sf,=,$0,cf,=,$0,of,="
ANR	"Root_134515068"	"Root"	"134515068"					
A	"Instr_134515068"	"Instr"	"134515068"	"14"	"je 0x80489a2"	"7424"		"zf,?{,134515106,eip,=,}"
ANR	"Root_134515072"	"Root"	"134515072"					
A	"BB_134515072"	"BB"	"134515072"		"mov eax, dword [ebp + 0x10]|mov dword [esp + 8], eax|mov eax, dword [ebp + 0xc]|mov dword [esp + 4], eax|mov eax, dword [ebp + 8]|mov dword [esp], eax|call dword [ebx + esi*4 - 0xfc]|add esi, 1|cmp esi, edi|jb 0x8048980|"			
ANR	"Root_134515072"	"Root"	"134515072"					
A	"Instr_134515072"	"Instr"	"134515072"	"0"	"mov eax, dword [ebp + 0x10]"	"8b4510"	"; .//elf-init.c:124 ; [0x10:4]=-1 ; 16"	"0x10,ebp,+,[4],eax,="
ANR	"Root_134515075"	"Root"	"134515075"					
A	"Instr_134515075"	"Instr"	"134515075"	"1"	"mov dword [esp + 8], eax"	"89442408"		"eax,0x8,esp,+,=[4]"
ANR	"Root_134515079"	"Root"	"134515079"					
A	"Instr_134515079"	"Instr"	"134515079"	"2"	"mov eax, dword [ebp + 0xc]"	"8b450c"	"; [0xc:4]=-1 ; 12"	"0xc,ebp,+,[4],eax,="
ANR	"Root_134515082"	"Root"	"134515082"					
A	"Instr_134515082"	"Instr"	"134515082"	"3"	"mov dword [esp + 4], eax"	"89442404"		"eax,0x4,esp,+,=[4]"
ANR	"Root_134515086"	"Root"	"134515086"					
A	"Instr_134515086"	"Instr"	"134515086"	"4"	"mov eax, dword [ebp + 8]"	"8b4508"	"; [0x8:4]=-1 ; 8"	"0x8,ebp,+,[4],eax,="
ANR	"Root_134515089"	"Root"	"134515089"					
A	"Instr_134515089"	"Instr"	"134515089"	"5"	"mov dword [esp], eax"	"890424"		"eax,esp,=[4]"
ANR	"Root_134515092"	"Root"	"134515092"					
A	"Instr_134515092"	"Instr"	"134515092"	"6"	"call dword [ebx + esi*4 - 0xfc]"	"ff94b304ffffff"		"0xfc,esi,4,*,ebx,+,-,[4],eip,4,esp,-=,esp,=[],eip,="
ANR	"Root_134515099"	"Root"	"134515099"					
A	"Instr_134515099"	"Instr"	"134515099"	"7"	"add esi, 1"	"83c601"	"; .//elf-init.c:123"	"1,esi,+=,$o,of,=,$s,sf,=,$z,zf,=,$c31,cf,=,$p,pf,="
ANR	"Root_134515102"	"Root"	"134515102"					
A	"Instr_134515102"	"Instr"	"134515102"	"8"	"cmp esi, edi"	"39fe"		"edi,esi,==,$z,zf,=,$b32,cf,=,$p,pf,=,$s,sf,=,$o,of,="
ANR	"Root_134515104"	"Root"	"134515104"					
A	"Instr_134515104"	"Instr"	"134515104"	"9"	"jb 0x8048980"	"72de"		"cf,?{,134515072,eip,=,}"
ANR	"Root_134515106"	"Root"	"134515106"					
A	"BB_134515106"	"BB"	"134515106"		"add esp, 0x1c|pop ebx|pop esi|pop edi|pop ebp|ret|"			
ANR	"Root_134515106"	"Root"	"134515106"					
A	"Instr_134515106"	"Instr"	"134515106"	"0"	"add esp, 0x1c"	"83c41c"	"; .//elf-init.c:125"	"28,esp,+=,$o,of,=,$s,sf,=,$z,zf,=,$c31,cf,=,$p,pf,="
ANR	"Root_134515109"	"Root"	"134515109"					
A	"Instr_134515109"	"Instr"	"134515109"	"1"	"pop ebx"	"5b"		"esp,[4],ebx,=,4,esp,+="
ANR	"Root_134515110"	"Root"	"134515110"					
A	"Instr_134515110"	"Instr"	"134515110"	"2"	"pop esi"	"5e"		"esp,[4],esi,=,4,esp,+="
ANR	"Root_134515111"	"Root"	"134515111"					
A	"Instr_134515111"	"Instr"	"134515111"	"3"	"pop edi"	"5f"		"esp,[4],edi,=,4,esp,+="
ANR	"Root_134515112"	"Root"	"134515112"					
A	"Instr_134515112"	"Instr"	"134515112"	"4"	"pop ebp"	"5d"		"esp,[4],ebp,=,4,esp,+="
ANR	"Root_134515113"	"Root"	"134515113"					
A	"Instr_134515113"	"Instr"	"134515113"	"5"	"ret"	"c3"		"esp,[4],eip,=,4,esp,+="
ANR	"Root_134515070"	"Root"	"134515070"					
A	"BB_134515070"	"BB"	"134515070"		"xor esi, esi|"			
ANR	"Root_134515070"	"Root"	"134515070"					
A	"Instr_134515070"	"Instr"	"134515070"	"0"	"xor esi, esi"	"31f6"		"esi,esi,^=,$z,zf,=,$p,pf,=,$s,sf,=,$0,cf,=,$0,of,="
ANR	"Root_134515114"	"Root"	"134515114"					
A	"BB_134515114"	"BB"	"134515114"		"mov ebx, dword [esp]|ret|"			
ANR	"Root_134515114"	"Root"	"134515114"					
A	"Instr_134515114"	"Instr"	"134515114"	"0"	"mov ebx, dword [esp]"	"8b1c24"	"; .//elf-init.c:125"	"esp,[4],ebx,="
ANR	"Root_134515117"	"Root"	"134515117"					
A	"Instr_134515117"	"Instr"	"134515117"	"1"	"ret"	"c3"		"esp,[4],eip,=,4,esp,+="
ANR	"Root_134515140"	"Root"	"134515140"					
A	"BB_134515140"	"BB"	"134515140"		"lea esi, [esi]|"			
ANR	"Root_134515140"	"Root"	"134515140"					
A	"Instr_134515140"	"Instr"	"134515140"	"0"	"lea esi, [esi]"	"8d742600"		"esi,esi,="
ANR	"Root_134515156"	"Root"	"134515156"					
A	"BB_134515156"	"BB"	"134515156"		"pop eax|pop ebx|pop ebp|ret|"			
ANR	"Root_134515156"	"Root"	"134515156"					
A	"Instr_134515156"	"Instr"	"134515156"	"0"	"pop eax"	"58"		"esp,[4],eax,=,4,esp,+="
ANR	"Root_134515157"	"Root"	"134515157"					
A	"Instr_134515157"	"Instr"	"134515157"	"1"	"pop ebx"	"5b"		"esp,[4],ebx,=,4,esp,+="
ANR	"Root_134515158"	"Root"	"134515158"					
A	"Instr_134515158"	"Instr"	"134515158"	"2"	"pop ebp"	"5d"		"esp,[4],ebp,=,4,esp,+="
ANR	"Root_134515159"	"Root"	"134515159"					
A	"Instr_134515159"	"Instr"	"134515159"	"3"	"ret"	"c3"		"esp,[4],eip,=,4,esp,+="
ANR	"Root_134515120"	"Root"	"134515120"					
A	"BB_134515120"	"BB"	"134515120"		"push ebp|mov ebp, esp|push ebx|push edx|mov ebx, 0x8049b74|mov eax, dword [0x8049b74]|cmp eax, 0xffffffff|je 0x80489d4|"			
ANR	"Root_134515120"	"Root"	"134515120"					
A	"Instr_134515120"	"Instr"	"134515120"	"0"	"push ebp"	"55"		"ebp,4,esp,-,=[4],4,esp,-="
ANR	"Root_134515121"	"Root"	"134515121"					
A	"Instr_134515121"	"Instr"	"134515121"	"1"	"mov ebp, esp"	"89e5"		"esp,ebp,="
ANR	"Root_134515123"	"Root"	"134515123"					
A	"Instr_134515123"	"Instr"	"134515123"	"2"	"push ebx"	"53"		"ebx,4,esp,-,=[4],4,esp,-="
ANR	"Root_134515124"	"Root"	"134515124"					
A	"Instr_134515124"	"Instr"	"134515124"	"3"	"push edx"	"52"		"edx,4,esp,-,=[4],4,esp,-="
ANR	"Root_134515125"	"Root"	"134515125"					
A	"Instr_134515125"	"Instr"	"134515125"	"4"	"mov ebx, 0x8049b74"	"bb749b0408"		"134519668,ebx,="
ANR	"Root_134515130"	"Root"	"134515130"					
A	"Instr_134515130"	"Instr"	"134515130"	"5"	"mov eax, dword [0x8049b74]"	"a1749b0408"	"; [0x8049b74:4]=0x8048921 sym._GLOBAL__sub_I__Z6Solvedi"	"0x8049b74,[4],eax,="
ANR	"Root_134515135"	"Root"	"134515135"					
A	"Instr_134515135"	"Instr"	"134515135"	"6"	"cmp eax, 0xffffffff"	"83f8ff"		"18446744073709551615,eax,==,$z,zf,=,$b32,cf,=,$p,pf,=,$s,sf,=,$o,of,="
ANR	"Root_134515138"	"Root"	"134515138"					
A	"Instr_134515138"	"Instr"	"134515138"	"7"	"je 0x80489d4"	"7410"		"zf,?{,134515156,eip,=,}"
ANR	"Root_134515144"	"Root"	"134515144"					
A	"BB_134515144"	"BB"	"134515144"		"sub ebx, 4|call eax|mov eax, dword [ebx]|cmp eax, 0xffffffff|jne 0x80489c8|"			
ANR	"Root_134515144"	"Root"	"134515144"					
A	"Instr_134515144"	"Instr"	"134515144"	"0"	"sub ebx, 4"	"83eb04"		"4,ebx,-=,$o,of,=,$s,sf,=,$z,zf,=,$p,pf,=,$b32,cf,="
ANR	"Root_134515147"	"Root"	"134515147"					
A	"Instr_134515147"	"Instr"	"134515147"	"1"	"call eax"	"ffd0"		"eax,eip,4,esp,-=,esp,=[],eip,="
ANR	"Root_134515149"	"Root"	"134515149"					
A	"Instr_134515149"	"Instr"	"134515149"	"2"	"mov eax, dword [ebx]"	"8b03"		"ebx,[4],eax,="
ANR	"Root_134515151"	"Root"	"134515151"					
A	"Instr_134515151"	"Instr"	"134515151"	"3"	"cmp eax, 0xffffffff"	"83f8ff"		"18446744073709551615,eax,==,$z,zf,=,$b32,cf,=,$p,pf,=,$s,sf,=,$o,of,="
ANR	"Root_134515154"	"Root"	"134515154"					
A	"Instr_134515154"	"Instr"	"134515154"	"4"	"jne 0x80489c8"	"75f4"		"zf,!,?{,134515144,eip,=,}"
ANR	"Root_134515160"	"Root"	"134515160"					
A	"BB_134515160"	"BB"	"134515160"		"push ebp|mov ebp, esp|push ebx|sub esp, 4|call 0x80489e4|pop ebx|add ebx, 0x1288|call 0x8048730|pop ecx|pop ebx|leave|ret|"			
ANR	"Root_134515160"	"Root"	"134515160"					
A	"Instr_134515160"	"Instr"	"134515160"	"0"	"push ebp"	"55"	"; [13] -r-x section size 28 named .fini"	"ebp,4,esp,-,=[4],4,esp,-="
ANR	"Root_134515161"	"Root"	"134515161"					
A	"Instr_134515161"	"Instr"	"134515161"	"1"	"mov ebp, esp"	"89e5"		"esp,ebp,="
ANR	"Root_134515163"	"Root"	"134515163"					
A	"Instr_134515163"	"Instr"	"134515163"	"2"	"push ebx"	"53"		"ebx,4,esp,-,=[4],4,esp,-="
ANR	"Root_134515164"	"Root"	"134515164"					
A	"Instr_134515164"	"Instr"	"134515164"	"3"	"sub esp, 4"	"83ec04"		"4,esp,-=,$o,of,=,$s,sf,=,$z,zf,=,$p,pf,=,$b32,cf,="
ANR	"Root_134515167"	"Root"	"134515167"					
A	"Instr_134515167"	"Instr"	"134515167"	"4"	"call 0x80489e4"	"e800000000"		"134515172,eip,4,esp,-=,esp,=[],eip,="
ANR	"Root_134515172"	"Root"	"134515172"					
A	"Instr_134515172"	"Instr"	"134515172"	"5"	"pop ebx"	"5b"		"esp,[4],ebx,=,4,esp,+="
ANR	"Root_134515173"	"Root"	"134515173"					
A	"Instr_134515173"	"Instr"	"134515173"	"6"	"add ebx, 0x1288"	"81c388120000"		"4744,ebx,+=,$o,of,=,$s,sf,=,$z,zf,=,$c31,cf,=,$p,pf,="
ANR	"Root_134515179"	"Root"	"134515179"					
A	"Instr_134515179"	"Instr"	"134515179"	"7"	"call 0x8048730"	"e840fdffff"		"134514480,eip,4,esp,-=,esp,=[],eip,="
ANR	"Root_134515184"	"Root"	"134515184"					
A	"Instr_134515184"	"Instr"	"134515184"	"8"	"pop ecx"	"59"		"esp,[4],ecx,=,4,esp,+="
ANR	"Root_134515185"	"Root"	"134515185"					
A	"Instr_134515185"	"Instr"	"134515185"	"9"	"pop ebx"	"5b"		"esp,[4],ebx,=,4,esp,+="
ANR	"Root_134515186"	"Root"	"134515186"					
A	"Instr_134515186"	"Instr"	"134515186"	"10"	"leave"	"c9"		"ebp,esp,=,esp,[4],ebp,=,4,esp,+="
ANR	"Root_134515187"	"Root"	"134515187"					
A	"Instr_134515187"	"Instr"	"134515187"	"11"	"ret"	"c3"		"esp,[4],eip,=,4,esp,+="
